statement,object_1,object_2,correct_object_2,correct,negation,real_object,fake_object,fictional_object,noise_object,category,in_train,in_test,in_cal
NOISE_0,noise_obj_0,noise_obj2_0,0,0,0,0,0,0,True,noise,1,0,0
NOISE_1,noise_obj_1,noise_obj2_1,0,0,0,0,0,0,True,noise,1,0,0
NOISE_2,noise_obj_2,noise_obj2_2,0,0,0,0,0,0,True,noise,1,0,0
NOISE_3,noise_obj_3,noise_obj2_3,0,0,0,0,0,0,True,noise,0,1,0
NOISE_4,noise_obj_4,noise_obj2_4,0,0,0,0,0,0,True,noise,0,0,1
NOISE_5,noise_obj_5,noise_obj2_5,0,0,0,0,0,0,True,noise,0,0,1
NOISE_6,noise_obj_6,noise_obj2_6,0,0,0,0,0,0,True,noise,1,0,0
NOISE_7,noise_obj_7,noise_obj2_7,0,0,0,0,0,0,True,noise,1,0,0
NOISE_8,noise_obj_8,noise_obj2_8,0,0,0,0,0,0,True,noise,1,0,0
NOISE_9,noise_obj_9,noise_obj2_9,0,0,0,0,0,0,True,noise,1,0,0
NOISE_10,noise_obj_10,noise_obj2_10,0,0,0,0,0,0,True,noise,1,0,0
NOISE_11,noise_obj_11,noise_obj2_11,0,0,0,0,0,0,True,noise,1,0,0
NOISE_12,noise_obj_12,noise_obj2_12,0,0,0,0,0,0,True,noise,1,0,0
NOISE_13,noise_obj_13,noise_obj2_13,0,0,0,0,0,0,True,noise,0,0,1
NOISE_14,noise_obj_14,noise_obj2_14,0,0,0,0,0,0,True,noise,1,0,0
NOISE_15,noise_obj_15,noise_obj2_15,0,0,0,0,0,0,True,noise,1,0,0
NOISE_16,noise_obj_16,noise_obj2_16,0,0,0,0,0,0,True,noise,0,1,0
NOISE_17,noise_obj_17,noise_obj2_17,0,0,0,0,0,0,True,noise,0,1,0
NOISE_18,noise_obj_18,noise_obj2_18,0,0,0,0,0,0,True,noise,0,0,1
NOISE_19,noise_obj_19,noise_obj2_19,0,0,0,0,0,0,True,noise,0,1,0
NOISE_20,noise_obj_20,noise_obj2_20,0,0,0,0,0,0,True,noise,1,0,0
NOISE_21,noise_obj_21,noise_obj2_21,0,0,0,0,0,0,True,noise,1,0,0
NOISE_22,noise_obj_22,noise_obj2_22,0,0,0,0,0,0,True,noise,0,1,0
NOISE_23,noise_obj_23,noise_obj2_23,0,0,0,0,0,0,True,noise,0,1,0
NOISE_24,noise_obj_24,noise_obj2_24,0,0,0,0,0,0,True,noise,0,1,0
NOISE_25,noise_obj_25,noise_obj2_25,0,0,0,0,0,0,True,noise,1,0,0
NOISE_26,noise_obj_26,noise_obj2_26,0,0,0,0,0,0,True,noise,0,1,0
NOISE_27,noise_obj_27,noise_obj2_27,0,0,0,0,0,0,True,noise,0,1,0
NOISE_28,noise_obj_28,noise_obj2_28,0,0,0,0,0,0,True,noise,1,0,0
NOISE_29,noise_obj_29,noise_obj2_29,0,0,0,0,0,0,True,noise,1,0,0
NOISE_30,noise_obj_30,noise_obj2_30,0,0,0,0,0,0,True,noise,1,0,0
NOISE_31,noise_obj_31,noise_obj2_31,0,0,0,0,0,0,True,noise,0,1,0
NOISE_32,noise_obj_32,noise_obj2_32,0,0,0,0,0,0,True,noise,0,0,1
NOISE_33,noise_obj_33,noise_obj2_33,0,0,0,0,0,0,True,noise,1,0,0
NOISE_34,noise_obj_34,noise_obj2_34,0,0,0,0,0,0,True,noise,0,0,1
NOISE_35,noise_obj_35,noise_obj2_35,0,0,0,0,0,0,True,noise,1,0,0
NOISE_36,noise_obj_36,noise_obj2_36,0,0,0,0,0,0,True,noise,1,0,0
NOISE_37,noise_obj_37,noise_obj2_37,0,0,0,0,0,0,True,noise,0,0,1
NOISE_38,noise_obj_38,noise_obj2_38,0,0,0,0,0,0,True,noise,1,0,0
NOISE_39,noise_obj_39,noise_obj2_39,0,0,0,0,0,0,True,noise,0,0,1
NOISE_40,noise_obj_40,noise_obj2_40,0,0,0,0,0,0,True,noise,1,0,0
NOISE_41,noise_obj_41,noise_obj2_41,0,0,0,0,0,0,True,noise,0,0,1
NOISE_42,noise_obj_42,noise_obj2_42,0,0,0,0,0,0,True,noise,0,0,1
NOISE_43,noise_obj_43,noise_obj2_43,0,0,0,0,0,0,True,noise,1,0,0
NOISE_44,noise_obj_44,noise_obj2_44,0,0,0,0,0,0,True,noise,1,0,0
NOISE_45,noise_obj_45,noise_obj2_45,0,0,0,0,0,0,True,noise,1,0,0
NOISE_46,noise_obj_46,noise_obj2_46,0,0,0,0,0,0,True,noise,1,0,0
NOISE_47,noise_obj_47,noise_obj2_47,0,0,0,0,0,0,True,noise,1,0,0
NOISE_48,noise_obj_48,noise_obj2_48,0,0,0,0,0,0,True,noise,1,0,0
NOISE_49,noise_obj_49,noise_obj2_49,0,0,0,0,0,0,True,noise,0,0,1
NOISE_50,noise_obj_50,noise_obj2_50,0,0,0,0,0,0,True,noise,1,0,0
NOISE_51,noise_obj_51,noise_obj2_51,0,0,0,0,0,0,True,noise,1,0,0
NOISE_52,noise_obj_52,noise_obj2_52,0,0,0,0,0,0,True,noise,0,0,1
NOISE_53,noise_obj_53,noise_obj2_53,0,0,0,0,0,0,True,noise,1,0,0
NOISE_54,noise_obj_54,noise_obj2_54,0,0,0,0,0,0,True,noise,0,1,0
NOISE_55,noise_obj_55,noise_obj2_55,0,0,0,0,0,0,True,noise,1,0,0
NOISE_56,noise_obj_56,noise_obj2_56,0,0,0,0,0,0,True,noise,1,0,0
NOISE_57,noise_obj_57,noise_obj2_57,0,0,0,0,0,0,True,noise,0,1,0
NOISE_58,noise_obj_58,noise_obj2_58,0,0,0,0,0,0,True,noise,0,1,0
NOISE_59,noise_obj_59,noise_obj2_59,0,0,0,0,0,0,True,noise,1,0,0
NOISE_60,noise_obj_60,noise_obj2_60,0,0,0,0,0,0,True,noise,1,0,0
NOISE_61,noise_obj_61,noise_obj2_61,0,0,0,0,0,0,True,noise,1,0,0
NOISE_62,noise_obj_62,noise_obj2_62,0,0,0,0,0,0,True,noise,1,0,0
NOISE_63,noise_obj_63,noise_obj2_63,0,0,0,0,0,0,True,noise,0,0,1
NOISE_64,noise_obj_64,noise_obj2_64,0,0,0,0,0,0,True,noise,1,0,0
NOISE_65,noise_obj_65,noise_obj2_65,0,0,0,0,0,0,True,noise,0,0,1
NOISE_66,noise_obj_66,noise_obj2_66,0,0,0,0,0,0,True,noise,1,0,0
NOISE_67,noise_obj_67,noise_obj2_67,0,0,0,0,0,0,True,noise,0,1,0
NOISE_68,noise_obj_68,noise_obj2_68,0,0,0,0,0,0,True,noise,0,1,0
NOISE_69,noise_obj_69,noise_obj2_69,0,0,0,0,0,0,True,noise,1,0,0
NOISE_70,noise_obj_70,noise_obj2_70,0,0,0,0,0,0,True,noise,0,0,1
NOISE_71,noise_obj_71,noise_obj2_71,0,0,0,0,0,0,True,noise,1,0,0
NOISE_72,noise_obj_72,noise_obj2_72,0,0,0,0,0,0,True,noise,1,0,0
NOISE_73,noise_obj_73,noise_obj2_73,0,0,0,0,0,0,True,noise,0,1,0
NOISE_74,noise_obj_74,noise_obj2_74,0,0,0,0,0,0,True,noise,0,1,0
NOISE_75,noise_obj_75,noise_obj2_75,0,0,0,0,0,0,True,noise,0,1,0
NOISE_76,noise_obj_76,noise_obj2_76,0,0,0,0,0,0,True,noise,0,0,1
NOISE_77,noise_obj_77,noise_obj2_77,0,0,0,0,0,0,True,noise,1,0,0
NOISE_78,noise_obj_78,noise_obj2_78,0,0,0,0,0,0,True,noise,0,0,1
NOISE_79,noise_obj_79,noise_obj2_79,0,0,0,0,0,0,True,noise,1,0,0
NOISE_80,noise_obj_80,noise_obj2_80,0,0,0,0,0,0,True,noise,1,0,0
NOISE_81,noise_obj_81,noise_obj2_81,0,0,0,0,0,0,True,noise,0,0,1
NOISE_82,noise_obj_82,noise_obj2_82,0,0,0,0,0,0,True,noise,1,0,0
NOISE_83,noise_obj_83,noise_obj2_83,0,0,0,0,0,0,True,noise,1,0,0
NOISE_84,noise_obj_84,noise_obj2_84,0,0,0,0,0,0,True,noise,0,1,0
NOISE_85,noise_obj_85,noise_obj2_85,0,0,0,0,0,0,True,noise,1,0,0
NOISE_86,noise_obj_86,noise_obj2_86,0,0,0,0,0,0,True,noise,1,0,0
NOISE_87,noise_obj_87,noise_obj2_87,0,0,0,0,0,0,True,noise,0,0,1
NOISE_88,noise_obj_88,noise_obj2_88,0,0,0,0,0,0,True,noise,1,0,0
NOISE_89,noise_obj_89,noise_obj2_89,0,0,0,0,0,0,True,noise,0,1,0
NOISE_90,noise_obj_90,noise_obj2_90,0,0,0,0,0,0,True,noise,0,1,0
NOISE_91,noise_obj_91,noise_obj2_91,0,0,0,0,0,0,True,noise,1,0,0
NOISE_92,noise_obj_92,noise_obj2_92,0,0,0,0,0,0,True,noise,1,0,0
NOISE_93,noise_obj_93,noise_obj2_93,0,0,0,0,0,0,True,noise,0,0,1
NOISE_94,noise_obj_94,noise_obj2_94,0,0,0,0,0,0,True,noise,0,0,1
NOISE_95,noise_obj_95,noise_obj2_95,0,0,0,0,0,0,True,noise,0,0,1
NOISE_96,noise_obj_96,noise_obj2_96,0,0,0,0,0,0,True,noise,1,0,0
NOISE_97,noise_obj_97,noise_obj2_97,0,0,0,0,0,0,True,noise,1,0,0
NOISE_98,noise_obj_98,noise_obj2_98,0,0,0,0,0,0,True,noise,1,0,0
NOISE_99,noise_obj_99,noise_obj2_99,0,0,0,0,0,0,True,noise,0,1,0
NOISE_100,noise_obj_100,noise_obj2_100,0,0,0,0,0,0,True,noise,1,0,0
NOISE_101,noise_obj_101,noise_obj2_101,0,0,0,0,0,0,True,noise,1,0,0
NOISE_102,noise_obj_102,noise_obj2_102,0,0,0,0,0,0,True,noise,0,0,1
NOISE_103,noise_obj_103,noise_obj2_103,0,0,0,0,0,0,True,noise,0,1,0
NOISE_104,noise_obj_104,noise_obj2_104,0,0,0,0,0,0,True,noise,0,1,0
NOISE_105,noise_obj_105,noise_obj2_105,0,0,0,0,0,0,True,noise,0,0,1
NOISE_106,noise_obj_106,noise_obj2_106,0,0,0,0,0,0,True,noise,0,0,1
NOISE_107,noise_obj_107,noise_obj2_107,0,0,0,0,0,0,True,noise,1,0,0
NOISE_108,noise_obj_108,noise_obj2_108,0,0,0,0,0,0,True,noise,0,1,0
NOISE_109,noise_obj_109,noise_obj2_109,0,0,0,0,0,0,True,noise,0,1,0
NOISE_110,noise_obj_110,noise_obj2_110,0,0,0,0,0,0,True,noise,1,0,0
NOISE_111,noise_obj_111,noise_obj2_111,0,0,0,0,0,0,True,noise,0,0,1
NOISE_112,noise_obj_112,noise_obj2_112,0,0,0,0,0,0,True,noise,0,0,1
NOISE_113,noise_obj_113,noise_obj2_113,0,0,0,0,0,0,True,noise,1,0,0
NOISE_114,noise_obj_114,noise_obj2_114,0,0,0,0,0,0,True,noise,0,0,1
NOISE_115,noise_obj_115,noise_obj2_115,0,0,0,0,0,0,True,noise,1,0,0
NOISE_116,noise_obj_116,noise_obj2_116,0,0,0,0,0,0,True,noise,1,0,0
NOISE_117,noise_obj_117,noise_obj2_117,0,0,0,0,0,0,True,noise,0,0,1
NOISE_118,noise_obj_118,noise_obj2_118,0,0,0,0,0,0,True,noise,0,1,0
NOISE_119,noise_obj_119,noise_obj2_119,0,0,0,0,0,0,True,noise,1,0,0
NOISE_120,noise_obj_120,noise_obj2_120,0,0,0,0,0,0,True,noise,1,0,0
NOISE_121,noise_obj_121,noise_obj2_121,0,0,0,0,0,0,True,noise,1,0,0
NOISE_122,noise_obj_122,noise_obj2_122,0,0,0,0,0,0,True,noise,0,0,1
NOISE_123,noise_obj_123,noise_obj2_123,0,0,0,0,0,0,True,noise,0,0,1
NOISE_124,noise_obj_124,noise_obj2_124,0,0,0,0,0,0,True,noise,1,0,0
NOISE_125,noise_obj_125,noise_obj2_125,0,0,0,0,0,0,True,noise,1,0,0
NOISE_126,noise_obj_126,noise_obj2_126,0,0,0,0,0,0,True,noise,1,0,0
NOISE_127,noise_obj_127,noise_obj2_127,0,0,0,0,0,0,True,noise,1,0,0
NOISE_128,noise_obj_128,noise_obj2_128,0,0,0,0,0,0,True,noise,1,0,0
NOISE_129,noise_obj_129,noise_obj2_129,0,0,0,0,0,0,True,noise,1,0,0
NOISE_130,noise_obj_130,noise_obj2_130,0,0,0,0,0,0,True,noise,1,0,0
NOISE_131,noise_obj_131,noise_obj2_131,0,0,0,0,0,0,True,noise,1,0,0
NOISE_132,noise_obj_132,noise_obj2_132,0,0,0,0,0,0,True,noise,1,0,0
NOISE_133,noise_obj_133,noise_obj2_133,0,0,0,0,0,0,True,noise,1,0,0
NOISE_134,noise_obj_134,noise_obj2_134,0,0,0,0,0,0,True,noise,0,1,0
NOISE_135,noise_obj_135,noise_obj2_135,0,0,0,0,0,0,True,noise,1,0,0
NOISE_136,noise_obj_136,noise_obj2_136,0,0,0,0,0,0,True,noise,1,0,0
NOISE_137,noise_obj_137,noise_obj2_137,0,0,0,0,0,0,True,noise,0,1,0
NOISE_138,noise_obj_138,noise_obj2_138,0,0,0,0,0,0,True,noise,1,0,0
NOISE_139,noise_obj_139,noise_obj2_139,0,0,0,0,0,0,True,noise,0,1,0
NOISE_140,noise_obj_140,noise_obj2_140,0,0,0,0,0,0,True,noise,1,0,0
NOISE_141,noise_obj_141,noise_obj2_141,0,0,0,0,0,0,True,noise,0,0,1
NOISE_142,noise_obj_142,noise_obj2_142,0,0,0,0,0,0,True,noise,1,0,0
NOISE_143,noise_obj_143,noise_obj2_143,0,0,0,0,0,0,True,noise,1,0,0
NOISE_144,noise_obj_144,noise_obj2_144,0,0,0,0,0,0,True,noise,0,1,0
NOISE_145,noise_obj_145,noise_obj2_145,0,0,0,0,0,0,True,noise,0,1,0
NOISE_146,noise_obj_146,noise_obj2_146,0,0,0,0,0,0,True,noise,1,0,0
NOISE_147,noise_obj_147,noise_obj2_147,0,0,0,0,0,0,True,noise,1,0,0
NOISE_148,noise_obj_148,noise_obj2_148,0,0,0,0,0,0,True,noise,0,1,0
NOISE_149,noise_obj_149,noise_obj2_149,0,0,0,0,0,0,True,noise,0,0,1
NOISE_150,noise_obj_150,noise_obj2_150,0,0,0,0,0,0,True,noise,1,0,0
NOISE_151,noise_obj_151,noise_obj2_151,0,0,0,0,0,0,True,noise,1,0,0
NOISE_152,noise_obj_152,noise_obj2_152,0,0,0,0,0,0,True,noise,1,0,0
NOISE_153,noise_obj_153,noise_obj2_153,0,0,0,0,0,0,True,noise,1,0,0
NOISE_154,noise_obj_154,noise_obj2_154,0,0,0,0,0,0,True,noise,1,0,0
NOISE_155,noise_obj_155,noise_obj2_155,0,0,0,0,0,0,True,noise,0,1,0
NOISE_156,noise_obj_156,noise_obj2_156,0,0,0,0,0,0,True,noise,1,0,0
NOISE_157,noise_obj_157,noise_obj2_157,0,0,0,0,0,0,True,noise,0,0,1
NOISE_158,noise_obj_158,noise_obj2_158,0,0,0,0,0,0,True,noise,0,0,1
NOISE_159,noise_obj_159,noise_obj2_159,0,0,0,0,0,0,True,noise,1,0,0
NOISE_160,noise_obj_160,noise_obj2_160,0,0,0,0,0,0,True,noise,0,1,0
NOISE_161,noise_obj_161,noise_obj2_161,0,0,0,0,0,0,True,noise,0,0,1
NOISE_162,noise_obj_162,noise_obj2_162,0,0,0,0,0,0,True,noise,0,1,0
NOISE_163,noise_obj_163,noise_obj2_163,0,0,0,0,0,0,True,noise,1,0,0
NOISE_164,noise_obj_164,noise_obj2_164,0,0,0,0,0,0,True,noise,1,0,0
NOISE_165,noise_obj_165,noise_obj2_165,0,0,0,0,0,0,True,noise,0,0,1
NOISE_166,noise_obj_166,noise_obj2_166,0,0,0,0,0,0,True,noise,1,0,0
NOISE_167,noise_obj_167,noise_obj2_167,0,0,0,0,0,0,True,noise,0,0,1
NOISE_168,noise_obj_168,noise_obj2_168,0,0,0,0,0,0,True,noise,0,1,0
NOISE_169,noise_obj_169,noise_obj2_169,0,0,0,0,0,0,True,noise,1,0,0
NOISE_170,noise_obj_170,noise_obj2_170,0,0,0,0,0,0,True,noise,0,0,1
NOISE_171,noise_obj_171,noise_obj2_171,0,0,0,0,0,0,True,noise,1,0,0
NOISE_172,noise_obj_172,noise_obj2_172,0,0,0,0,0,0,True,noise,0,1,0
NOISE_173,noise_obj_173,noise_obj2_173,0,0,0,0,0,0,True,noise,1,0,0
NOISE_174,noise_obj_174,noise_obj2_174,0,0,0,0,0,0,True,noise,0,1,0
NOISE_175,noise_obj_175,noise_obj2_175,0,0,0,0,0,0,True,noise,0,0,1
NOISE_176,noise_obj_176,noise_obj2_176,0,0,0,0,0,0,True,noise,1,0,0
NOISE_177,noise_obj_177,noise_obj2_177,0,0,0,0,0,0,True,noise,0,0,1
NOISE_178,noise_obj_178,noise_obj2_178,0,0,0,0,0,0,True,noise,0,1,0
NOISE_179,noise_obj_179,noise_obj2_179,0,0,0,0,0,0,True,noise,1,0,0
NOISE_180,noise_obj_180,noise_obj2_180,0,0,0,0,0,0,True,noise,1,0,0
NOISE_181,noise_obj_181,noise_obj2_181,0,0,0,0,0,0,True,noise,0,0,1
NOISE_182,noise_obj_182,noise_obj2_182,0,0,0,0,0,0,True,noise,0,0,1
NOISE_183,noise_obj_183,noise_obj2_183,0,0,0,0,0,0,True,noise,1,0,0
NOISE_184,noise_obj_184,noise_obj2_184,0,0,0,0,0,0,True,noise,1,0,0
NOISE_185,noise_obj_185,noise_obj2_185,0,0,0,0,0,0,True,noise,1,0,0
NOISE_186,noise_obj_186,noise_obj2_186,0,0,0,0,0,0,True,noise,0,0,1
NOISE_187,noise_obj_187,noise_obj2_187,0,0,0,0,0,0,True,noise,1,0,0
NOISE_188,noise_obj_188,noise_obj2_188,0,0,0,0,0,0,True,noise,0,0,1
NOISE_189,noise_obj_189,noise_obj2_189,0,0,0,0,0,0,True,noise,0,0,1
NOISE_190,noise_obj_190,noise_obj2_190,0,0,0,0,0,0,True,noise,0,0,1
NOISE_191,noise_obj_191,noise_obj2_191,0,0,0,0,0,0,True,noise,0,1,0
NOISE_192,noise_obj_192,noise_obj2_192,0,0,0,0,0,0,True,noise,1,0,0
NOISE_193,noise_obj_193,noise_obj2_193,0,0,0,0,0,0,True,noise,1,0,0
NOISE_194,noise_obj_194,noise_obj2_194,0,0,0,0,0,0,True,noise,0,1,0
NOISE_195,noise_obj_195,noise_obj2_195,0,0,0,0,0,0,True,noise,1,0,0
NOISE_196,noise_obj_196,noise_obj2_196,0,0,0,0,0,0,True,noise,0,1,0
NOISE_197,noise_obj_197,noise_obj2_197,0,0,0,0,0,0,True,noise,1,0,0
NOISE_198,noise_obj_198,noise_obj2_198,0,0,0,0,0,0,True,noise,1,0,0
NOISE_199,noise_obj_199,noise_obj2_199,0,0,0,0,0,0,True,noise,1,0,0
NOISE_200,noise_obj_200,noise_obj2_200,0,0,0,0,0,0,True,noise,0,1,0
NOISE_201,noise_obj_201,noise_obj2_201,0,0,0,0,0,0,True,noise,1,0,0
NOISE_202,noise_obj_202,noise_obj2_202,0,0,0,0,0,0,True,noise,1,0,0
NOISE_203,noise_obj_203,noise_obj2_203,0,0,0,0,0,0,True,noise,1,0,0
NOISE_204,noise_obj_204,noise_obj2_204,0,0,0,0,0,0,True,noise,1,0,0
NOISE_205,noise_obj_205,noise_obj2_205,0,0,0,0,0,0,True,noise,0,0,1
NOISE_206,noise_obj_206,noise_obj2_206,0,0,0,0,0,0,True,noise,1,0,0
NOISE_207,noise_obj_207,noise_obj2_207,0,0,0,0,0,0,True,noise,0,0,1
NOISE_208,noise_obj_208,noise_obj2_208,0,0,0,0,0,0,True,noise,1,0,0
NOISE_209,noise_obj_209,noise_obj2_209,0,0,0,0,0,0,True,noise,0,0,1
NOISE_210,noise_obj_210,noise_obj2_210,0,0,0,0,0,0,True,noise,0,1,0
NOISE_211,noise_obj_211,noise_obj2_211,0,0,0,0,0,0,True,noise,0,1,0
NOISE_212,noise_obj_212,noise_obj2_212,0,0,0,0,0,0,True,noise,0,0,1
NOISE_213,noise_obj_213,noise_obj2_213,0,0,0,0,0,0,True,noise,1,0,0
NOISE_214,noise_obj_214,noise_obj2_214,0,0,0,0,0,0,True,noise,0,0,1
NOISE_215,noise_obj_215,noise_obj2_215,0,0,0,0,0,0,True,noise,0,1,0
NOISE_216,noise_obj_216,noise_obj2_216,0,0,0,0,0,0,True,noise,0,0,1
NOISE_217,noise_obj_217,noise_obj2_217,0,0,0,0,0,0,True,noise,1,0,0
NOISE_218,noise_obj_218,noise_obj2_218,0,0,0,0,0,0,True,noise,1,0,0
NOISE_219,noise_obj_219,noise_obj2_219,0,0,0,0,0,0,True,noise,1,0,0
NOISE_220,noise_obj_220,noise_obj2_220,0,0,0,0,0,0,True,noise,1,0,0
NOISE_221,noise_obj_221,noise_obj2_221,0,0,0,0,0,0,True,noise,0,0,1
NOISE_222,noise_obj_222,noise_obj2_222,0,0,0,0,0,0,True,noise,1,0,0
NOISE_223,noise_obj_223,noise_obj2_223,0,0,0,0,0,0,True,noise,0,0,1
NOISE_224,noise_obj_224,noise_obj2_224,0,0,0,0,0,0,True,noise,1,0,0
NOISE_225,noise_obj_225,noise_obj2_225,0,0,0,0,0,0,True,noise,1,0,0
NOISE_226,noise_obj_226,noise_obj2_226,0,0,0,0,0,0,True,noise,0,1,0
NOISE_227,noise_obj_227,noise_obj2_227,0,0,0,0,0,0,True,noise,0,0,1
NOISE_228,noise_obj_228,noise_obj2_228,0,0,0,0,0,0,True,noise,0,1,0
NOISE_229,noise_obj_229,noise_obj2_229,0,0,0,0,0,0,True,noise,0,1,0
NOISE_230,noise_obj_230,noise_obj2_230,0,0,0,0,0,0,True,noise,1,0,0
NOISE_231,noise_obj_231,noise_obj2_231,0,0,0,0,0,0,True,noise,1,0,0
NOISE_232,noise_obj_232,noise_obj2_232,0,0,0,0,0,0,True,noise,1,0,0
NOISE_233,noise_obj_233,noise_obj2_233,0,0,0,0,0,0,True,noise,0,1,0
NOISE_234,noise_obj_234,noise_obj2_234,0,0,0,0,0,0,True,noise,1,0,0
NOISE_235,noise_obj_235,noise_obj2_235,0,0,0,0,0,0,True,noise,0,1,0
NOISE_236,noise_obj_236,noise_obj2_236,0,0,0,0,0,0,True,noise,1,0,0
NOISE_237,noise_obj_237,noise_obj2_237,0,0,0,0,0,0,True,noise,1,0,0
NOISE_238,noise_obj_238,noise_obj2_238,0,0,0,0,0,0,True,noise,1,0,0
NOISE_239,noise_obj_239,noise_obj2_239,0,0,0,0,0,0,True,noise,1,0,0
NOISE_240,noise_obj_240,noise_obj2_240,0,0,0,0,0,0,True,noise,0,0,1
NOISE_241,noise_obj_241,noise_obj2_241,0,0,0,0,0,0,True,noise,1,0,0
NOISE_242,noise_obj_242,noise_obj2_242,0,0,0,0,0,0,True,noise,0,1,0
NOISE_243,noise_obj_243,noise_obj2_243,0,0,0,0,0,0,True,noise,1,0,0
NOISE_244,noise_obj_244,noise_obj2_244,0,0,0,0,0,0,True,noise,1,0,0
NOISE_245,noise_obj_245,noise_obj2_245,0,0,0,0,0,0,True,noise,1,0,0
NOISE_246,noise_obj_246,noise_obj2_246,0,0,0,0,0,0,True,noise,0,1,0
NOISE_247,noise_obj_247,noise_obj2_247,0,0,0,0,0,0,True,noise,0,1,0
NOISE_248,noise_obj_248,noise_obj2_248,0,0,0,0,0,0,True,noise,1,0,0
NOISE_249,noise_obj_249,noise_obj2_249,0,0,0,0,0,0,True,noise,0,1,0
NOISE_250,noise_obj_250,noise_obj2_250,0,0,0,0,0,0,True,noise,1,0,0
NOISE_251,noise_obj_251,noise_obj2_251,0,0,0,0,0,0,True,noise,0,0,1
NOISE_252,noise_obj_252,noise_obj2_252,0,0,0,0,0,0,True,noise,1,0,0
NOISE_253,noise_obj_253,noise_obj2_253,0,0,0,0,0,0,True,noise,1,0,0
NOISE_254,noise_obj_254,noise_obj2_254,0,0,0,0,0,0,True,noise,0,1,0
NOISE_255,noise_obj_255,noise_obj2_255,0,0,0,0,0,0,True,noise,0,0,1
NOISE_256,noise_obj_256,noise_obj2_256,0,0,0,0,0,0,True,noise,0,1,0
NOISE_257,noise_obj_257,noise_obj2_257,0,0,0,0,0,0,True,noise,0,0,1
NOISE_258,noise_obj_258,noise_obj2_258,0,0,0,0,0,0,True,noise,0,1,0
NOISE_259,noise_obj_259,noise_obj2_259,0,0,0,0,0,0,True,noise,1,0,0
NOISE_260,noise_obj_260,noise_obj2_260,0,0,0,0,0,0,True,noise,1,0,0
NOISE_261,noise_obj_261,noise_obj2_261,0,0,0,0,0,0,True,noise,0,1,0
NOISE_262,noise_obj_262,noise_obj2_262,0,0,0,0,0,0,True,noise,0,1,0
NOISE_263,noise_obj_263,noise_obj2_263,0,0,0,0,0,0,True,noise,0,0,1
NOISE_264,noise_obj_264,noise_obj2_264,0,0,0,0,0,0,True,noise,0,1,0
NOISE_265,noise_obj_265,noise_obj2_265,0,0,0,0,0,0,True,noise,0,1,0
NOISE_266,noise_obj_266,noise_obj2_266,0,0,0,0,0,0,True,noise,0,0,1
NOISE_267,noise_obj_267,noise_obj2_267,0,0,0,0,0,0,True,noise,0,0,1
NOISE_268,noise_obj_268,noise_obj2_268,0,0,0,0,0,0,True,noise,1,0,0
NOISE_269,noise_obj_269,noise_obj2_269,0,0,0,0,0,0,True,noise,1,0,0
NOISE_270,noise_obj_270,noise_obj2_270,0,0,0,0,0,0,True,noise,0,0,1
NOISE_271,noise_obj_271,noise_obj2_271,0,0,0,0,0,0,True,noise,1,0,0
NOISE_272,noise_obj_272,noise_obj2_272,0,0,0,0,0,0,True,noise,1,0,0
NOISE_273,noise_obj_273,noise_obj2_273,0,0,0,0,0,0,True,noise,1,0,0
NOISE_274,noise_obj_274,noise_obj2_274,0,0,0,0,0,0,True,noise,1,0,0
NOISE_275,noise_obj_275,noise_obj2_275,0,0,0,0,0,0,True,noise,0,0,1
NOISE_276,noise_obj_276,noise_obj2_276,0,0,0,0,0,0,True,noise,1,0,0
NOISE_277,noise_obj_277,noise_obj2_277,0,0,0,0,0,0,True,noise,0,0,1
NOISE_278,noise_obj_278,noise_obj2_278,0,0,0,0,0,0,True,noise,1,0,0
NOISE_279,noise_obj_279,noise_obj2_279,0,0,0,0,0,0,True,noise,0,0,1
NOISE_280,noise_obj_280,noise_obj2_280,0,0,0,0,0,0,True,noise,0,1,0
NOISE_281,noise_obj_281,noise_obj2_281,0,0,0,0,0,0,True,noise,1,0,0
NOISE_282,noise_obj_282,noise_obj2_282,0,0,0,0,0,0,True,noise,0,1,0
NOISE_283,noise_obj_283,noise_obj2_283,0,0,0,0,0,0,True,noise,0,1,0
NOISE_284,noise_obj_284,noise_obj2_284,0,0,0,0,0,0,True,noise,0,1,0
NOISE_285,noise_obj_285,noise_obj2_285,0,0,0,0,0,0,True,noise,1,0,0
NOISE_286,noise_obj_286,noise_obj2_286,0,0,0,0,0,0,True,noise,0,0,1
NOISE_287,noise_obj_287,noise_obj2_287,0,0,0,0,0,0,True,noise,0,0,1
NOISE_288,noise_obj_288,noise_obj2_288,0,0,0,0,0,0,True,noise,1,0,0
NOISE_289,noise_obj_289,noise_obj2_289,0,0,0,0,0,0,True,noise,1,0,0
NOISE_290,noise_obj_290,noise_obj2_290,0,0,0,0,0,0,True,noise,0,0,1
NOISE_291,noise_obj_291,noise_obj2_291,0,0,0,0,0,0,True,noise,0,0,1
NOISE_292,noise_obj_292,noise_obj2_292,0,0,0,0,0,0,True,noise,0,1,0
NOISE_293,noise_obj_293,noise_obj2_293,0,0,0,0,0,0,True,noise,0,1,0
NOISE_294,noise_obj_294,noise_obj2_294,0,0,0,0,0,0,True,noise,0,1,0
NOISE_295,noise_obj_295,noise_obj2_295,0,0,0,0,0,0,True,noise,0,1,0
NOISE_296,noise_obj_296,noise_obj2_296,0,0,0,0,0,0,True,noise,0,0,1
NOISE_297,noise_obj_297,noise_obj2_297,0,0,0,0,0,0,True,noise,1,0,0
NOISE_298,noise_obj_298,noise_obj2_298,0,0,0,0,0,0,True,noise,1,0,0
NOISE_299,noise_obj_299,noise_obj2_299,0,0,0,0,0,0,True,noise,1,0,0
NOISE_300,noise_obj_300,noise_obj2_300,0,0,0,0,0,0,True,noise,0,0,1
NOISE_301,noise_obj_301,noise_obj2_301,0,0,0,0,0,0,True,noise,0,0,1
NOISE_302,noise_obj_302,noise_obj2_302,0,0,0,0,0,0,True,noise,1,0,0
NOISE_303,noise_obj_303,noise_obj2_303,0,0,0,0,0,0,True,noise,1,0,0
NOISE_304,noise_obj_304,noise_obj2_304,0,0,0,0,0,0,True,noise,1,0,0
NOISE_305,noise_obj_305,noise_obj2_305,0,0,0,0,0,0,True,noise,1,0,0
NOISE_306,noise_obj_306,noise_obj2_306,0,0,0,0,0,0,True,noise,1,0,0
NOISE_307,noise_obj_307,noise_obj2_307,0,0,0,0,0,0,True,noise,1,0,0
NOISE_308,noise_obj_308,noise_obj2_308,0,0,0,0,0,0,True,noise,0,1,0
NOISE_309,noise_obj_309,noise_obj2_309,0,0,0,0,0,0,True,noise,1,0,0
NOISE_310,noise_obj_310,noise_obj2_310,0,0,0,0,0,0,True,noise,1,0,0
NOISE_311,noise_obj_311,noise_obj2_311,0,0,0,0,0,0,True,noise,0,0,1
NOISE_312,noise_obj_312,noise_obj2_312,0,0,0,0,0,0,True,noise,1,0,0
NOISE_313,noise_obj_313,noise_obj2_313,0,0,0,0,0,0,True,noise,0,0,1
NOISE_314,noise_obj_314,noise_obj2_314,0,0,0,0,0,0,True,noise,0,0,1
NOISE_315,noise_obj_315,noise_obj2_315,0,0,0,0,0,0,True,noise,1,0,0
NOISE_316,noise_obj_316,noise_obj2_316,0,0,0,0,0,0,True,noise,0,0,1
NOISE_317,noise_obj_317,noise_obj2_317,0,0,0,0,0,0,True,noise,0,0,1
NOISE_318,noise_obj_318,noise_obj2_318,0,0,0,0,0,0,True,noise,0,0,1
NOISE_319,noise_obj_319,noise_obj2_319,0,0,0,0,0,0,True,noise,1,0,0
NOISE_320,noise_obj_320,noise_obj2_320,0,0,0,0,0,0,True,noise,0,1,0
NOISE_321,noise_obj_321,noise_obj2_321,0,0,0,0,0,0,True,noise,1,0,0
NOISE_322,noise_obj_322,noise_obj2_322,0,0,0,0,0,0,True,noise,0,0,1
NOISE_323,noise_obj_323,noise_obj2_323,0,0,0,0,0,0,True,noise,0,0,1
NOISE_324,noise_obj_324,noise_obj2_324,0,0,0,0,0,0,True,noise,1,0,0
NOISE_325,noise_obj_325,noise_obj2_325,0,0,0,0,0,0,True,noise,0,1,0
NOISE_326,noise_obj_326,noise_obj2_326,0,0,0,0,0,0,True,noise,1,0,0
NOISE_327,noise_obj_327,noise_obj2_327,0,0,0,0,0,0,True,noise,0,1,0
NOISE_328,noise_obj_328,noise_obj2_328,0,0,0,0,0,0,True,noise,1,0,0
NOISE_329,noise_obj_329,noise_obj2_329,0,0,0,0,0,0,True,noise,0,0,1
NOISE_330,noise_obj_330,noise_obj2_330,0,0,0,0,0,0,True,noise,1,0,0
NOISE_331,noise_obj_331,noise_obj2_331,0,0,0,0,0,0,True,noise,1,0,0
NOISE_332,noise_obj_332,noise_obj2_332,0,0,0,0,0,0,True,noise,0,0,1
NOISE_333,noise_obj_333,noise_obj2_333,0,0,0,0,0,0,True,noise,0,0,1
NOISE_334,noise_obj_334,noise_obj2_334,0,0,0,0,0,0,True,noise,1,0,0
NOISE_335,noise_obj_335,noise_obj2_335,0,0,0,0,0,0,True,noise,0,0,1
NOISE_336,noise_obj_336,noise_obj2_336,0,0,0,0,0,0,True,noise,1,0,0
NOISE_337,noise_obj_337,noise_obj2_337,0,0,0,0,0,0,True,noise,0,1,0
NOISE_338,noise_obj_338,noise_obj2_338,0,0,0,0,0,0,True,noise,0,1,0
NOISE_339,noise_obj_339,noise_obj2_339,0,0,0,0,0,0,True,noise,0,0,1
NOISE_340,noise_obj_340,noise_obj2_340,0,0,0,0,0,0,True,noise,1,0,0
NOISE_341,noise_obj_341,noise_obj2_341,0,0,0,0,0,0,True,noise,0,0,1
NOISE_342,noise_obj_342,noise_obj2_342,0,0,0,0,0,0,True,noise,0,0,1
NOISE_343,noise_obj_343,noise_obj2_343,0,0,0,0,0,0,True,noise,1,0,0
NOISE_344,noise_obj_344,noise_obj2_344,0,0,0,0,0,0,True,noise,1,0,0
NOISE_345,noise_obj_345,noise_obj2_345,0,0,0,0,0,0,True,noise,0,1,0
NOISE_346,noise_obj_346,noise_obj2_346,0,0,0,0,0,0,True,noise,1,0,0
NOISE_347,noise_obj_347,noise_obj2_347,0,0,0,0,0,0,True,noise,0,0,1
NOISE_348,noise_obj_348,noise_obj2_348,0,0,0,0,0,0,True,noise,0,0,1
NOISE_349,noise_obj_349,noise_obj2_349,0,0,0,0,0,0,True,noise,0,0,1
NOISE_350,noise_obj_350,noise_obj2_350,0,0,0,0,0,0,True,noise,1,0,0
NOISE_351,noise_obj_351,noise_obj2_351,0,0,0,0,0,0,True,noise,0,1,0
NOISE_352,noise_obj_352,noise_obj2_352,0,0,0,0,0,0,True,noise,1,0,0
NOISE_353,noise_obj_353,noise_obj2_353,0,0,0,0,0,0,True,noise,0,1,0
NOISE_354,noise_obj_354,noise_obj2_354,0,0,0,0,0,0,True,noise,1,0,0
NOISE_355,noise_obj_355,noise_obj2_355,0,0,0,0,0,0,True,noise,0,1,0
NOISE_356,noise_obj_356,noise_obj2_356,0,0,0,0,0,0,True,noise,1,0,0
NOISE_357,noise_obj_357,noise_obj2_357,0,0,0,0,0,0,True,noise,0,1,0
NOISE_358,noise_obj_358,noise_obj2_358,0,0,0,0,0,0,True,noise,0,1,0
NOISE_359,noise_obj_359,noise_obj2_359,0,0,0,0,0,0,True,noise,0,0,1
NOISE_360,noise_obj_360,noise_obj2_360,0,0,0,0,0,0,True,noise,1,0,0
NOISE_361,noise_obj_361,noise_obj2_361,0,0,0,0,0,0,True,noise,1,0,0
NOISE_362,noise_obj_362,noise_obj2_362,0,0,0,0,0,0,True,noise,0,0,1
NOISE_363,noise_obj_363,noise_obj2_363,0,0,0,0,0,0,True,noise,1,0,0
NOISE_364,noise_obj_364,noise_obj2_364,0,0,0,0,0,0,True,noise,0,0,1
NOISE_365,noise_obj_365,noise_obj2_365,0,0,0,0,0,0,True,noise,1,0,0
NOISE_366,noise_obj_366,noise_obj2_366,0,0,0,0,0,0,True,noise,0,1,0
NOISE_367,noise_obj_367,noise_obj2_367,0,0,0,0,0,0,True,noise,1,0,0
NOISE_368,noise_obj_368,noise_obj2_368,0,0,0,0,0,0,True,noise,1,0,0
NOISE_369,noise_obj_369,noise_obj2_369,0,0,0,0,0,0,True,noise,0,0,1
NOISE_370,noise_obj_370,noise_obj2_370,0,0,0,0,0,0,True,noise,0,0,1
NOISE_371,noise_obj_371,noise_obj2_371,0,0,0,0,0,0,True,noise,1,0,0
NOISE_372,noise_obj_372,noise_obj2_372,0,0,0,0,0,0,True,noise,0,0,1
NOISE_373,noise_obj_373,noise_obj2_373,0,0,0,0,0,0,True,noise,1,0,0
NOISE_374,noise_obj_374,noise_obj2_374,0,0,0,0,0,0,True,noise,1,0,0
NOISE_375,noise_obj_375,noise_obj2_375,0,0,0,0,0,0,True,noise,0,0,1
NOISE_376,noise_obj_376,noise_obj2_376,0,0,0,0,0,0,True,noise,0,0,1
NOISE_377,noise_obj_377,noise_obj2_377,0,0,0,0,0,0,True,noise,1,0,0
NOISE_378,noise_obj_378,noise_obj2_378,0,0,0,0,0,0,True,noise,0,1,0
NOISE_379,noise_obj_379,noise_obj2_379,0,0,0,0,0,0,True,noise,1,0,0
NOISE_380,noise_obj_380,noise_obj2_380,0,0,0,0,0,0,True,noise,1,0,0
NOISE_381,noise_obj_381,noise_obj2_381,0,0,0,0,0,0,True,noise,1,0,0
NOISE_382,noise_obj_382,noise_obj2_382,0,0,0,0,0,0,True,noise,1,0,0
NOISE_383,noise_obj_383,noise_obj2_383,0,0,0,0,0,0,True,noise,0,1,0
NOISE_384,noise_obj_384,noise_obj2_384,0,0,0,0,0,0,True,noise,0,0,1
NOISE_385,noise_obj_385,noise_obj2_385,0,0,0,0,0,0,True,noise,0,0,1
NOISE_386,noise_obj_386,noise_obj2_386,0,0,0,0,0,0,True,noise,0,0,1
NOISE_387,noise_obj_387,noise_obj2_387,0,0,0,0,0,0,True,noise,1,0,0
NOISE_388,noise_obj_388,noise_obj2_388,0,0,0,0,0,0,True,noise,1,0,0
NOISE_389,noise_obj_389,noise_obj2_389,0,0,0,0,0,0,True,noise,0,0,1
NOISE_390,noise_obj_390,noise_obj2_390,0,0,0,0,0,0,True,noise,1,0,0
NOISE_391,noise_obj_391,noise_obj2_391,0,0,0,0,0,0,True,noise,0,0,1
NOISE_392,noise_obj_392,noise_obj2_392,0,0,0,0,0,0,True,noise,0,0,1
NOISE_393,noise_obj_393,noise_obj2_393,0,0,0,0,0,0,True,noise,1,0,0
NOISE_394,noise_obj_394,noise_obj2_394,0,0,0,0,0,0,True,noise,1,0,0
NOISE_395,noise_obj_395,noise_obj2_395,0,0,0,0,0,0,True,noise,1,0,0
NOISE_396,noise_obj_396,noise_obj2_396,0,0,0,0,0,0,True,noise,0,0,1
NOISE_397,noise_obj_397,noise_obj2_397,0,0,0,0,0,0,True,noise,0,0,1
NOISE_398,noise_obj_398,noise_obj2_398,0,0,0,0,0,0,True,noise,0,1,0
NOISE_399,noise_obj_399,noise_obj2_399,0,0,0,0,0,0,True,noise,0,1,0
NOISE_400,noise_obj_400,noise_obj2_400,0,0,0,0,0,0,True,noise,0,1,0
NOISE_401,noise_obj_401,noise_obj2_401,0,0,0,0,0,0,True,noise,0,0,1
NOISE_402,noise_obj_402,noise_obj2_402,0,0,0,0,0,0,True,noise,1,0,0
NOISE_403,noise_obj_403,noise_obj2_403,0,0,0,0,0,0,True,noise,0,0,1
NOISE_404,noise_obj_404,noise_obj2_404,0,0,0,0,0,0,True,noise,0,1,0
NOISE_405,noise_obj_405,noise_obj2_405,0,0,0,0,0,0,True,noise,0,0,1
NOISE_406,noise_obj_406,noise_obj2_406,0,0,0,0,0,0,True,noise,1,0,0
NOISE_407,noise_obj_407,noise_obj2_407,0,0,0,0,0,0,True,noise,0,0,1
NOISE_408,noise_obj_408,noise_obj2_408,0,0,0,0,0,0,True,noise,1,0,0
NOISE_409,noise_obj_409,noise_obj2_409,0,0,0,0,0,0,True,noise,1,0,0
NOISE_410,noise_obj_410,noise_obj2_410,0,0,0,0,0,0,True,noise,0,0,1
NOISE_411,noise_obj_411,noise_obj2_411,0,0,0,0,0,0,True,noise,0,0,1
NOISE_412,noise_obj_412,noise_obj2_412,0,0,0,0,0,0,True,noise,0,1,0
NOISE_413,noise_obj_413,noise_obj2_413,0,0,0,0,0,0,True,noise,1,0,0
NOISE_414,noise_obj_414,noise_obj2_414,0,0,0,0,0,0,True,noise,0,1,0
NOISE_415,noise_obj_415,noise_obj2_415,0,0,0,0,0,0,True,noise,0,1,0
NOISE_416,noise_obj_416,noise_obj2_416,0,0,0,0,0,0,True,noise,0,0,1
NOISE_417,noise_obj_417,noise_obj2_417,0,0,0,0,0,0,True,noise,1,0,0
NOISE_418,noise_obj_418,noise_obj2_418,0,0,0,0,0,0,True,noise,0,0,1
NOISE_419,noise_obj_419,noise_obj2_419,0,0,0,0,0,0,True,noise,1,0,0
NOISE_420,noise_obj_420,noise_obj2_420,0,0,0,0,0,0,True,noise,1,0,0
NOISE_421,noise_obj_421,noise_obj2_421,0,0,0,0,0,0,True,noise,1,0,0
NOISE_422,noise_obj_422,noise_obj2_422,0,0,0,0,0,0,True,noise,0,1,0
NOISE_423,noise_obj_423,noise_obj2_423,0,0,0,0,0,0,True,noise,0,1,0
NOISE_424,noise_obj_424,noise_obj2_424,0,0,0,0,0,0,True,noise,1,0,0
NOISE_425,noise_obj_425,noise_obj2_425,0,0,0,0,0,0,True,noise,1,0,0
NOISE_426,noise_obj_426,noise_obj2_426,0,0,0,0,0,0,True,noise,1,0,0
NOISE_427,noise_obj_427,noise_obj2_427,0,0,0,0,0,0,True,noise,1,0,0
NOISE_428,noise_obj_428,noise_obj2_428,0,0,0,0,0,0,True,noise,0,0,1
NOISE_429,noise_obj_429,noise_obj2_429,0,0,0,0,0,0,True,noise,1,0,0
NOISE_430,noise_obj_430,noise_obj2_430,0,0,0,0,0,0,True,noise,0,1,0
NOISE_431,noise_obj_431,noise_obj2_431,0,0,0,0,0,0,True,noise,1,0,0
NOISE_432,noise_obj_432,noise_obj2_432,0,0,0,0,0,0,True,noise,0,0,1
NOISE_433,noise_obj_433,noise_obj2_433,0,0,0,0,0,0,True,noise,1,0,0
NOISE_434,noise_obj_434,noise_obj2_434,0,0,0,0,0,0,True,noise,1,0,0
NOISE_435,noise_obj_435,noise_obj2_435,0,0,0,0,0,0,True,noise,1,0,0
NOISE_436,noise_obj_436,noise_obj2_436,0,0,0,0,0,0,True,noise,0,1,0
NOISE_437,noise_obj_437,noise_obj2_437,0,0,0,0,0,0,True,noise,0,0,1
NOISE_438,noise_obj_438,noise_obj2_438,0,0,0,0,0,0,True,noise,0,1,0
NOISE_439,noise_obj_439,noise_obj2_439,0,0,0,0,0,0,True,noise,1,0,0
NOISE_440,noise_obj_440,noise_obj2_440,0,0,0,0,0,0,True,noise,0,0,1
NOISE_441,noise_obj_441,noise_obj2_441,0,0,0,0,0,0,True,noise,0,1,0
NOISE_442,noise_obj_442,noise_obj2_442,0,0,0,0,0,0,True,noise,0,0,1
NOISE_443,noise_obj_443,noise_obj2_443,0,0,0,0,0,0,True,noise,0,1,0
NOISE_444,noise_obj_444,noise_obj2_444,0,0,0,0,0,0,True,noise,1,0,0
NOISE_445,noise_obj_445,noise_obj2_445,0,0,0,0,0,0,True,noise,1,0,0
NOISE_446,noise_obj_446,noise_obj2_446,0,0,0,0,0,0,True,noise,0,1,0
NOISE_447,noise_obj_447,noise_obj2_447,0,0,0,0,0,0,True,noise,1,0,0
NOISE_448,noise_obj_448,noise_obj2_448,0,0,0,0,0,0,True,noise,1,0,0
NOISE_449,noise_obj_449,noise_obj2_449,0,0,0,0,0,0,True,noise,0,0,1
NOISE_450,noise_obj_450,noise_obj2_450,0,0,0,0,0,0,True,noise,0,0,1
NOISE_451,noise_obj_451,noise_obj2_451,0,0,0,0,0,0,True,noise,0,0,1
NOISE_452,noise_obj_452,noise_obj2_452,0,0,0,0,0,0,True,noise,0,0,1
NOISE_453,noise_obj_453,noise_obj2_453,0,0,0,0,0,0,True,noise,0,0,1
NOISE_454,noise_obj_454,noise_obj2_454,0,0,0,0,0,0,True,noise,1,0,0
NOISE_455,noise_obj_455,noise_obj2_455,0,0,0,0,0,0,True,noise,1,0,0
NOISE_456,noise_obj_456,noise_obj2_456,0,0,0,0,0,0,True,noise,0,1,0
NOISE_457,noise_obj_457,noise_obj2_457,0,0,0,0,0,0,True,noise,1,0,0
NOISE_458,noise_obj_458,noise_obj2_458,0,0,0,0,0,0,True,noise,0,0,1
NOISE_459,noise_obj_459,noise_obj2_459,0,0,0,0,0,0,True,noise,0,1,0
NOISE_460,noise_obj_460,noise_obj2_460,0,0,0,0,0,0,True,noise,0,1,0
NOISE_461,noise_obj_461,noise_obj2_461,0,0,0,0,0,0,True,noise,1,0,0
NOISE_462,noise_obj_462,noise_obj2_462,0,0,0,0,0,0,True,noise,0,1,0
NOISE_463,noise_obj_463,noise_obj2_463,0,0,0,0,0,0,True,noise,1,0,0
NOISE_464,noise_obj_464,noise_obj2_464,0,0,0,0,0,0,True,noise,1,0,0
NOISE_465,noise_obj_465,noise_obj2_465,0,0,0,0,0,0,True,noise,0,1,0
NOISE_466,noise_obj_466,noise_obj2_466,0,0,0,0,0,0,True,noise,0,1,0
NOISE_467,noise_obj_467,noise_obj2_467,0,0,0,0,0,0,True,noise,1,0,0
NOISE_468,noise_obj_468,noise_obj2_468,0,0,0,0,0,0,True,noise,1,0,0
NOISE_469,noise_obj_469,noise_obj2_469,0,0,0,0,0,0,True,noise,0,1,0
NOISE_470,noise_obj_470,noise_obj2_470,0,0,0,0,0,0,True,noise,1,0,0
NOISE_471,noise_obj_471,noise_obj2_471,0,0,0,0,0,0,True,noise,1,0,0
NOISE_472,noise_obj_472,noise_obj2_472,0,0,0,0,0,0,True,noise,1,0,0
NOISE_473,noise_obj_473,noise_obj2_473,0,0,0,0,0,0,True,noise,0,0,1
NOISE_474,noise_obj_474,noise_obj2_474,0,0,0,0,0,0,True,noise,1,0,0
NOISE_475,noise_obj_475,noise_obj2_475,0,0,0,0,0,0,True,noise,0,0,1
NOISE_476,noise_obj_476,noise_obj2_476,0,0,0,0,0,0,True,noise,1,0,0
NOISE_477,noise_obj_477,noise_obj2_477,0,0,0,0,0,0,True,noise,0,1,0
NOISE_478,noise_obj_478,noise_obj2_478,0,0,0,0,0,0,True,noise,1,0,0
NOISE_479,noise_obj_479,noise_obj2_479,0,0,0,0,0,0,True,noise,1,0,0
NOISE_480,noise_obj_480,noise_obj2_480,0,0,0,0,0,0,True,noise,1,0,0
NOISE_481,noise_obj_481,noise_obj2_481,0,0,0,0,0,0,True,noise,0,0,1
NOISE_482,noise_obj_482,noise_obj2_482,0,0,0,0,0,0,True,noise,1,0,0
NOISE_483,noise_obj_483,noise_obj2_483,0,0,0,0,0,0,True,noise,0,0,1
NOISE_484,noise_obj_484,noise_obj2_484,0,0,0,0,0,0,True,noise,0,0,1
NOISE_485,noise_obj_485,noise_obj2_485,0,0,0,0,0,0,True,noise,0,1,0
NOISE_486,noise_obj_486,noise_obj2_486,0,0,0,0,0,0,True,noise,0,1,0
NOISE_487,noise_obj_487,noise_obj2_487,0,0,0,0,0,0,True,noise,0,0,1
NOISE_488,noise_obj_488,noise_obj2_488,0,0,0,0,0,0,True,noise,0,1,0
NOISE_489,noise_obj_489,noise_obj2_489,0,0,0,0,0,0,True,noise,0,1,0
NOISE_490,noise_obj_490,noise_obj2_490,0,0,0,0,0,0,True,noise,0,0,1
NOISE_491,noise_obj_491,noise_obj2_491,0,0,0,0,0,0,True,noise,0,0,1
NOISE_492,noise_obj_492,noise_obj2_492,0,0,0,0,0,0,True,noise,0,0,1
NOISE_493,noise_obj_493,noise_obj2_493,0,0,0,0,0,0,True,noise,1,0,0
NOISE_494,noise_obj_494,noise_obj2_494,0,0,0,0,0,0,True,noise,0,1,0
NOISE_495,noise_obj_495,noise_obj2_495,0,0,0,0,0,0,True,noise,0,1,0
NOISE_496,noise_obj_496,noise_obj2_496,0,0,0,0,0,0,True,noise,1,0,0
NOISE_497,noise_obj_497,noise_obj2_497,0,0,0,0,0,0,True,noise,0,1,0
NOISE_498,noise_obj_498,noise_obj2_498,0,0,0,0,0,0,True,noise,1,0,0
NOISE_499,noise_obj_499,noise_obj2_499,0,0,0,0,0,0,True,noise,0,0,1
NOISE_500,noise_obj_500,noise_obj2_500,0,0,0,0,0,0,True,noise,0,0,1
NOISE_501,noise_obj_501,noise_obj2_501,0,0,0,0,0,0,True,noise,1,0,0
NOISE_502,noise_obj_502,noise_obj2_502,0,0,0,0,0,0,True,noise,1,0,0
NOISE_503,noise_obj_503,noise_obj2_503,0,0,0,0,0,0,True,noise,0,1,0
NOISE_504,noise_obj_504,noise_obj2_504,0,0,0,0,0,0,True,noise,0,0,1
NOISE_505,noise_obj_505,noise_obj2_505,0,0,0,0,0,0,True,noise,0,1,0
NOISE_506,noise_obj_506,noise_obj2_506,0,0,0,0,0,0,True,noise,0,0,1
NOISE_507,noise_obj_507,noise_obj2_507,0,0,0,0,0,0,True,noise,0,0,1
NOISE_508,noise_obj_508,noise_obj2_508,0,0,0,0,0,0,True,noise,0,0,1
NOISE_509,noise_obj_509,noise_obj2_509,0,0,0,0,0,0,True,noise,1,0,0
NOISE_510,noise_obj_510,noise_obj2_510,0,0,0,0,0,0,True,noise,0,0,1
NOISE_511,noise_obj_511,noise_obj2_511,0,0,0,0,0,0,True,noise,1,0,0
NOISE_512,noise_obj_512,noise_obj2_512,0,0,0,0,0,0,True,noise,1,0,0
NOISE_513,noise_obj_513,noise_obj2_513,0,0,0,0,0,0,True,noise,1,0,0
NOISE_514,noise_obj_514,noise_obj2_514,0,0,0,0,0,0,True,noise,1,0,0
NOISE_515,noise_obj_515,noise_obj2_515,0,0,0,0,0,0,True,noise,0,1,0
NOISE_516,noise_obj_516,noise_obj2_516,0,0,0,0,0,0,True,noise,0,1,0
NOISE_517,noise_obj_517,noise_obj2_517,0,0,0,0,0,0,True,noise,0,1,0
NOISE_518,noise_obj_518,noise_obj2_518,0,0,0,0,0,0,True,noise,1,0,0
NOISE_519,noise_obj_519,noise_obj2_519,0,0,0,0,0,0,True,noise,0,1,0
NOISE_520,noise_obj_520,noise_obj2_520,0,0,0,0,0,0,True,noise,0,1,0
NOISE_521,noise_obj_521,noise_obj2_521,0,0,0,0,0,0,True,noise,0,0,1
NOISE_522,noise_obj_522,noise_obj2_522,0,0,0,0,0,0,True,noise,0,1,0
NOISE_523,noise_obj_523,noise_obj2_523,0,0,0,0,0,0,True,noise,0,0,1
NOISE_524,noise_obj_524,noise_obj2_524,0,0,0,0,0,0,True,noise,0,1,0
NOISE_525,noise_obj_525,noise_obj2_525,0,0,0,0,0,0,True,noise,0,0,1
NOISE_526,noise_obj_526,noise_obj2_526,0,0,0,0,0,0,True,noise,0,0,1
NOISE_527,noise_obj_527,noise_obj2_527,0,0,0,0,0,0,True,noise,0,1,0
NOISE_528,noise_obj_528,noise_obj2_528,0,0,0,0,0,0,True,noise,0,0,1
NOISE_529,noise_obj_529,noise_obj2_529,0,0,0,0,0,0,True,noise,0,1,0
NOISE_530,noise_obj_530,noise_obj2_530,0,0,0,0,0,0,True,noise,1,0,0
NOISE_531,noise_obj_531,noise_obj2_531,0,0,0,0,0,0,True,noise,1,0,0
NOISE_532,noise_obj_532,noise_obj2_532,0,0,0,0,0,0,True,noise,1,0,0
NOISE_533,noise_obj_533,noise_obj2_533,0,0,0,0,0,0,True,noise,0,0,1
NOISE_534,noise_obj_534,noise_obj2_534,0,0,0,0,0,0,True,noise,0,0,1
NOISE_535,noise_obj_535,noise_obj2_535,0,0,0,0,0,0,True,noise,0,0,1
NOISE_536,noise_obj_536,noise_obj2_536,0,0,0,0,0,0,True,noise,1,0,0
NOISE_537,noise_obj_537,noise_obj2_537,0,0,0,0,0,0,True,noise,0,1,0
NOISE_538,noise_obj_538,noise_obj2_538,0,0,0,0,0,0,True,noise,0,1,0
NOISE_539,noise_obj_539,noise_obj2_539,0,0,0,0,0,0,True,noise,1,0,0
NOISE_540,noise_obj_540,noise_obj2_540,0,0,0,0,0,0,True,noise,0,0,1
NOISE_541,noise_obj_541,noise_obj2_541,0,0,0,0,0,0,True,noise,1,0,0
NOISE_542,noise_obj_542,noise_obj2_542,0,0,0,0,0,0,True,noise,1,0,0
NOISE_543,noise_obj_543,noise_obj2_543,0,0,0,0,0,0,True,noise,0,0,1
NOISE_544,noise_obj_544,noise_obj2_544,0,0,0,0,0,0,True,noise,1,0,0
NOISE_545,noise_obj_545,noise_obj2_545,0,0,0,0,0,0,True,noise,0,1,0
NOISE_546,noise_obj_546,noise_obj2_546,0,0,0,0,0,0,True,noise,1,0,0
NOISE_547,noise_obj_547,noise_obj2_547,0,0,0,0,0,0,True,noise,1,0,0
NOISE_548,noise_obj_548,noise_obj2_548,0,0,0,0,0,0,True,noise,1,0,0
NOISE_549,noise_obj_549,noise_obj2_549,0,0,0,0,0,0,True,noise,0,0,1
NOISE_550,noise_obj_550,noise_obj2_550,0,0,0,0,0,0,True,noise,1,0,0
NOISE_551,noise_obj_551,noise_obj2_551,0,0,0,0,0,0,True,noise,1,0,0
NOISE_552,noise_obj_552,noise_obj2_552,0,0,0,0,0,0,True,noise,1,0,0
NOISE_553,noise_obj_553,noise_obj2_553,0,0,0,0,0,0,True,noise,1,0,0
NOISE_554,noise_obj_554,noise_obj2_554,0,0,0,0,0,0,True,noise,1,0,0
NOISE_555,noise_obj_555,noise_obj2_555,0,0,0,0,0,0,True,noise,0,0,1
NOISE_556,noise_obj_556,noise_obj2_556,0,0,0,0,0,0,True,noise,1,0,0
NOISE_557,noise_obj_557,noise_obj2_557,0,0,0,0,0,0,True,noise,1,0,0
NOISE_558,noise_obj_558,noise_obj2_558,0,0,0,0,0,0,True,noise,1,0,0
NOISE_559,noise_obj_559,noise_obj2_559,0,0,0,0,0,0,True,noise,0,1,0
NOISE_560,noise_obj_560,noise_obj2_560,0,0,0,0,0,0,True,noise,0,0,1
NOISE_561,noise_obj_561,noise_obj2_561,0,0,0,0,0,0,True,noise,0,1,0
NOISE_562,noise_obj_562,noise_obj2_562,0,0,0,0,0,0,True,noise,0,1,0
NOISE_563,noise_obj_563,noise_obj2_563,0,0,0,0,0,0,True,noise,1,0,0
NOISE_564,noise_obj_564,noise_obj2_564,0,0,0,0,0,0,True,noise,0,0,1
NOISE_565,noise_obj_565,noise_obj2_565,0,0,0,0,0,0,True,noise,1,0,0
NOISE_566,noise_obj_566,noise_obj2_566,0,0,0,0,0,0,True,noise,0,0,1
NOISE_567,noise_obj_567,noise_obj2_567,0,0,0,0,0,0,True,noise,1,0,0
NOISE_568,noise_obj_568,noise_obj2_568,0,0,0,0,0,0,True,noise,0,1,0
NOISE_569,noise_obj_569,noise_obj2_569,0,0,0,0,0,0,True,noise,1,0,0
NOISE_570,noise_obj_570,noise_obj2_570,0,0,0,0,0,0,True,noise,0,1,0
NOISE_571,noise_obj_571,noise_obj2_571,0,0,0,0,0,0,True,noise,0,0,1
NOISE_572,noise_obj_572,noise_obj2_572,0,0,0,0,0,0,True,noise,1,0,0
NOISE_573,noise_obj_573,noise_obj2_573,0,0,0,0,0,0,True,noise,1,0,0
NOISE_574,noise_obj_574,noise_obj2_574,0,0,0,0,0,0,True,noise,0,1,0
NOISE_575,noise_obj_575,noise_obj2_575,0,0,0,0,0,0,True,noise,0,1,0
NOISE_576,noise_obj_576,noise_obj2_576,0,0,0,0,0,0,True,noise,1,0,0
NOISE_577,noise_obj_577,noise_obj2_577,0,0,0,0,0,0,True,noise,0,1,0
NOISE_578,noise_obj_578,noise_obj2_578,0,0,0,0,0,0,True,noise,0,0,1
NOISE_579,noise_obj_579,noise_obj2_579,0,0,0,0,0,0,True,noise,1,0,0
NOISE_580,noise_obj_580,noise_obj2_580,0,0,0,0,0,0,True,noise,1,0,0
NOISE_581,noise_obj_581,noise_obj2_581,0,0,0,0,0,0,True,noise,1,0,0
NOISE_582,noise_obj_582,noise_obj2_582,0,0,0,0,0,0,True,noise,1,0,0
NOISE_583,noise_obj_583,noise_obj2_583,0,0,0,0,0,0,True,noise,1,0,0
NOISE_584,noise_obj_584,noise_obj2_584,0,0,0,0,0,0,True,noise,0,1,0
NOISE_585,noise_obj_585,noise_obj2_585,0,0,0,0,0,0,True,noise,1,0,0
NOISE_586,noise_obj_586,noise_obj2_586,0,0,0,0,0,0,True,noise,0,0,1
NOISE_587,noise_obj_587,noise_obj2_587,0,0,0,0,0,0,True,noise,0,0,1
NOISE_588,noise_obj_588,noise_obj2_588,0,0,0,0,0,0,True,noise,1,0,0
NOISE_589,noise_obj_589,noise_obj2_589,0,0,0,0,0,0,True,noise,1,0,0
NOISE_590,noise_obj_590,noise_obj2_590,0,0,0,0,0,0,True,noise,0,0,1
NOISE_591,noise_obj_591,noise_obj2_591,0,0,0,0,0,0,True,noise,0,1,0
NOISE_592,noise_obj_592,noise_obj2_592,0,0,0,0,0,0,True,noise,1,0,0
NOISE_593,noise_obj_593,noise_obj2_593,0,0,0,0,0,0,True,noise,1,0,0
NOISE_594,noise_obj_594,noise_obj2_594,0,0,0,0,0,0,True,noise,0,1,0
NOISE_595,noise_obj_595,noise_obj2_595,0,0,0,0,0,0,True,noise,1,0,0
NOISE_596,noise_obj_596,noise_obj2_596,0,0,0,0,0,0,True,noise,0,1,0
NOISE_597,noise_obj_597,noise_obj2_597,0,0,0,0,0,0,True,noise,0,0,1
NOISE_598,noise_obj_598,noise_obj2_598,0,0,0,0,0,0,True,noise,1,0,0
NOISE_599,noise_obj_599,noise_obj2_599,0,0,0,0,0,0,True,noise,0,0,1
NOISE_600,noise_obj_600,noise_obj2_600,0,0,0,0,0,0,True,noise,0,0,1
NOISE_601,noise_obj_601,noise_obj2_601,0,0,0,0,0,0,True,noise,1,0,0
NOISE_602,noise_obj_602,noise_obj2_602,0,0,0,0,0,0,True,noise,0,0,1
NOISE_603,noise_obj_603,noise_obj2_603,0,0,0,0,0,0,True,noise,1,0,0
NOISE_604,noise_obj_604,noise_obj2_604,0,0,0,0,0,0,True,noise,0,1,0
NOISE_605,noise_obj_605,noise_obj2_605,0,0,0,0,0,0,True,noise,1,0,0
NOISE_606,noise_obj_606,noise_obj2_606,0,0,0,0,0,0,True,noise,0,0,1
NOISE_607,noise_obj_607,noise_obj2_607,0,0,0,0,0,0,True,noise,1,0,0
NOISE_608,noise_obj_608,noise_obj2_608,0,0,0,0,0,0,True,noise,1,0,0
NOISE_609,noise_obj_609,noise_obj2_609,0,0,0,0,0,0,True,noise,1,0,0
NOISE_610,noise_obj_610,noise_obj2_610,0,0,0,0,0,0,True,noise,1,0,0
NOISE_611,noise_obj_611,noise_obj2_611,0,0,0,0,0,0,True,noise,0,1,0
NOISE_612,noise_obj_612,noise_obj2_612,0,0,0,0,0,0,True,noise,0,1,0
NOISE_613,noise_obj_613,noise_obj2_613,0,0,0,0,0,0,True,noise,1,0,0
NOISE_614,noise_obj_614,noise_obj2_614,0,0,0,0,0,0,True,noise,1,0,0
NOISE_615,noise_obj_615,noise_obj2_615,0,0,0,0,0,0,True,noise,0,0,1
NOISE_616,noise_obj_616,noise_obj2_616,0,0,0,0,0,0,True,noise,0,1,0
NOISE_617,noise_obj_617,noise_obj2_617,0,0,0,0,0,0,True,noise,0,0,1
NOISE_618,noise_obj_618,noise_obj2_618,0,0,0,0,0,0,True,noise,0,1,0
NOISE_619,noise_obj_619,noise_obj2_619,0,0,0,0,0,0,True,noise,1,0,0
NOISE_620,noise_obj_620,noise_obj2_620,0,0,0,0,0,0,True,noise,0,1,0
NOISE_621,noise_obj_621,noise_obj2_621,0,0,0,0,0,0,True,noise,0,0,1
NOISE_622,noise_obj_622,noise_obj2_622,0,0,0,0,0,0,True,noise,0,0,1
NOISE_623,noise_obj_623,noise_obj2_623,0,0,0,0,0,0,True,noise,1,0,0
NOISE_624,noise_obj_624,noise_obj2_624,0,0,0,0,0,0,True,noise,1,0,0
NOISE_625,noise_obj_625,noise_obj2_625,0,0,0,0,0,0,True,noise,0,1,0
NOISE_626,noise_obj_626,noise_obj2_626,0,0,0,0,0,0,True,noise,1,0,0
NOISE_627,noise_obj_627,noise_obj2_627,0,0,0,0,0,0,True,noise,1,0,0
NOISE_628,noise_obj_628,noise_obj2_628,0,0,0,0,0,0,True,noise,0,0,1
NOISE_629,noise_obj_629,noise_obj2_629,0,0,0,0,0,0,True,noise,1,0,0
NOISE_630,noise_obj_630,noise_obj2_630,0,0,0,0,0,0,True,noise,1,0,0
NOISE_631,noise_obj_631,noise_obj2_631,0,0,0,0,0,0,True,noise,1,0,0
NOISE_632,noise_obj_632,noise_obj2_632,0,0,0,0,0,0,True,noise,1,0,0
NOISE_633,noise_obj_633,noise_obj2_633,0,0,0,0,0,0,True,noise,0,0,1
NOISE_634,noise_obj_634,noise_obj2_634,0,0,0,0,0,0,True,noise,1,0,0
NOISE_635,noise_obj_635,noise_obj2_635,0,0,0,0,0,0,True,noise,1,0,0
NOISE_636,noise_obj_636,noise_obj2_636,0,0,0,0,0,0,True,noise,1,0,0
NOISE_637,noise_obj_637,noise_obj2_637,0,0,0,0,0,0,True,noise,1,0,0
NOISE_638,noise_obj_638,noise_obj2_638,0,0,0,0,0,0,True,noise,0,1,0
NOISE_639,noise_obj_639,noise_obj2_639,0,0,0,0,0,0,True,noise,0,1,0
NOISE_640,noise_obj_640,noise_obj2_640,0,0,0,0,0,0,True,noise,0,0,1
NOISE_641,noise_obj_641,noise_obj2_641,0,0,0,0,0,0,True,noise,0,0,1
NOISE_642,noise_obj_642,noise_obj2_642,0,0,0,0,0,0,True,noise,0,0,1
NOISE_643,noise_obj_643,noise_obj2_643,0,0,0,0,0,0,True,noise,1,0,0
NOISE_644,noise_obj_644,noise_obj2_644,0,0,0,0,0,0,True,noise,1,0,0
NOISE_645,noise_obj_645,noise_obj2_645,0,0,0,0,0,0,True,noise,0,1,0
NOISE_646,noise_obj_646,noise_obj2_646,0,0,0,0,0,0,True,noise,0,1,0
NOISE_647,noise_obj_647,noise_obj2_647,0,0,0,0,0,0,True,noise,1,0,0
NOISE_648,noise_obj_648,noise_obj2_648,0,0,0,0,0,0,True,noise,0,0,1
NOISE_649,noise_obj_649,noise_obj2_649,0,0,0,0,0,0,True,noise,0,0,1
NOISE_650,noise_obj_650,noise_obj2_650,0,0,0,0,0,0,True,noise,0,1,0
NOISE_651,noise_obj_651,noise_obj2_651,0,0,0,0,0,0,True,noise,1,0,0
NOISE_652,noise_obj_652,noise_obj2_652,0,0,0,0,0,0,True,noise,1,0,0
NOISE_653,noise_obj_653,noise_obj2_653,0,0,0,0,0,0,True,noise,1,0,0
NOISE_654,noise_obj_654,noise_obj2_654,0,0,0,0,0,0,True,noise,0,0,1
NOISE_655,noise_obj_655,noise_obj2_655,0,0,0,0,0,0,True,noise,0,1,0
NOISE_656,noise_obj_656,noise_obj2_656,0,0,0,0,0,0,True,noise,0,1,0
NOISE_657,noise_obj_657,noise_obj2_657,0,0,0,0,0,0,True,noise,0,1,0
NOISE_658,noise_obj_658,noise_obj2_658,0,0,0,0,0,0,True,noise,0,1,0
NOISE_659,noise_obj_659,noise_obj2_659,0,0,0,0,0,0,True,noise,1,0,0
NOISE_660,noise_obj_660,noise_obj2_660,0,0,0,0,0,0,True,noise,1,0,0
NOISE_661,noise_obj_661,noise_obj2_661,0,0,0,0,0,0,True,noise,0,1,0
NOISE_662,noise_obj_662,noise_obj2_662,0,0,0,0,0,0,True,noise,1,0,0
NOISE_663,noise_obj_663,noise_obj2_663,0,0,0,0,0,0,True,noise,0,1,0
NOISE_664,noise_obj_664,noise_obj2_664,0,0,0,0,0,0,True,noise,1,0,0
NOISE_665,noise_obj_665,noise_obj2_665,0,0,0,0,0,0,True,noise,0,0,1
NOISE_666,noise_obj_666,noise_obj2_666,0,0,0,0,0,0,True,noise,1,0,0
NOISE_667,noise_obj_667,noise_obj2_667,0,0,0,0,0,0,True,noise,0,0,1
NOISE_668,noise_obj_668,noise_obj2_668,0,0,0,0,0,0,True,noise,1,0,0
NOISE_669,noise_obj_669,noise_obj2_669,0,0,0,0,0,0,True,noise,0,0,1
NOISE_670,noise_obj_670,noise_obj2_670,0,0,0,0,0,0,True,noise,1,0,0
NOISE_671,noise_obj_671,noise_obj2_671,0,0,0,0,0,0,True,noise,1,0,0
NOISE_672,noise_obj_672,noise_obj2_672,0,0,0,0,0,0,True,noise,0,0,1
NOISE_673,noise_obj_673,noise_obj2_673,0,0,0,0,0,0,True,noise,0,1,0
NOISE_674,noise_obj_674,noise_obj2_674,0,0,0,0,0,0,True,noise,1,0,0
NOISE_675,noise_obj_675,noise_obj2_675,0,0,0,0,0,0,True,noise,0,0,1
NOISE_676,noise_obj_676,noise_obj2_676,0,0,0,0,0,0,True,noise,1,0,0
NOISE_677,noise_obj_677,noise_obj2_677,0,0,0,0,0,0,True,noise,1,0,0
NOISE_678,noise_obj_678,noise_obj2_678,0,0,0,0,0,0,True,noise,1,0,0
NOISE_679,noise_obj_679,noise_obj2_679,0,0,0,0,0,0,True,noise,0,1,0
NOISE_680,noise_obj_680,noise_obj2_680,0,0,0,0,0,0,True,noise,1,0,0
NOISE_681,noise_obj_681,noise_obj2_681,0,0,0,0,0,0,True,noise,0,0,1
NOISE_682,noise_obj_682,noise_obj2_682,0,0,0,0,0,0,True,noise,0,1,0
NOISE_683,noise_obj_683,noise_obj2_683,0,0,0,0,0,0,True,noise,1,0,0
NOISE_684,noise_obj_684,noise_obj2_684,0,0,0,0,0,0,True,noise,1,0,0
NOISE_685,noise_obj_685,noise_obj2_685,0,0,0,0,0,0,True,noise,0,0,1
NOISE_686,noise_obj_686,noise_obj2_686,0,0,0,0,0,0,True,noise,0,1,0
NOISE_687,noise_obj_687,noise_obj2_687,0,0,0,0,0,0,True,noise,0,0,1
NOISE_688,noise_obj_688,noise_obj2_688,0,0,0,0,0,0,True,noise,1,0,0
NOISE_689,noise_obj_689,noise_obj2_689,0,0,0,0,0,0,True,noise,0,0,1
NOISE_690,noise_obj_690,noise_obj2_690,0,0,0,0,0,0,True,noise,1,0,0
NOISE_691,noise_obj_691,noise_obj2_691,0,0,0,0,0,0,True,noise,1,0,0
NOISE_692,noise_obj_692,noise_obj2_692,0,0,0,0,0,0,True,noise,1,0,0
NOISE_693,noise_obj_693,noise_obj2_693,0,0,0,0,0,0,True,noise,0,1,0
NOISE_694,noise_obj_694,noise_obj2_694,0,0,0,0,0,0,True,noise,1,0,0
NOISE_695,noise_obj_695,noise_obj2_695,0,0,0,0,0,0,True,noise,0,1,0
NOISE_696,noise_obj_696,noise_obj2_696,0,0,0,0,0,0,True,noise,1,0,0
NOISE_697,noise_obj_697,noise_obj2_697,0,0,0,0,0,0,True,noise,0,1,0
NOISE_698,noise_obj_698,noise_obj2_698,0,0,0,0,0,0,True,noise,1,0,0
NOISE_699,noise_obj_699,noise_obj2_699,0,0,0,0,0,0,True,noise,0,0,1
NOISE_700,noise_obj_700,noise_obj2_700,0,0,0,0,0,0,True,noise,1,0,0
NOISE_701,noise_obj_701,noise_obj2_701,0,0,0,0,0,0,True,noise,0,1,0
NOISE_702,noise_obj_702,noise_obj2_702,0,0,0,0,0,0,True,noise,1,0,0
NOISE_703,noise_obj_703,noise_obj2_703,0,0,0,0,0,0,True,noise,0,1,0
NOISE_704,noise_obj_704,noise_obj2_704,0,0,0,0,0,0,True,noise,0,1,0
NOISE_705,noise_obj_705,noise_obj2_705,0,0,0,0,0,0,True,noise,1,0,0
NOISE_706,noise_obj_706,noise_obj2_706,0,0,0,0,0,0,True,noise,0,0,1
NOISE_707,noise_obj_707,noise_obj2_707,0,0,0,0,0,0,True,noise,0,1,0
NOISE_708,noise_obj_708,noise_obj2_708,0,0,0,0,0,0,True,noise,1,0,0
NOISE_709,noise_obj_709,noise_obj2_709,0,0,0,0,0,0,True,noise,0,1,0
NOISE_710,noise_obj_710,noise_obj2_710,0,0,0,0,0,0,True,noise,0,1,0
NOISE_711,noise_obj_711,noise_obj2_711,0,0,0,0,0,0,True,noise,0,0,1
NOISE_712,noise_obj_712,noise_obj2_712,0,0,0,0,0,0,True,noise,1,0,0
NOISE_713,noise_obj_713,noise_obj2_713,0,0,0,0,0,0,True,noise,0,1,0
NOISE_714,noise_obj_714,noise_obj2_714,0,0,0,0,0,0,True,noise,0,1,0
NOISE_715,noise_obj_715,noise_obj2_715,0,0,0,0,0,0,True,noise,1,0,0
NOISE_716,noise_obj_716,noise_obj2_716,0,0,0,0,0,0,True,noise,1,0,0
NOISE_717,noise_obj_717,noise_obj2_717,0,0,0,0,0,0,True,noise,1,0,0
NOISE_718,noise_obj_718,noise_obj2_718,0,0,0,0,0,0,True,noise,0,0,1
NOISE_719,noise_obj_719,noise_obj2_719,0,0,0,0,0,0,True,noise,1,0,0
NOISE_720,noise_obj_720,noise_obj2_720,0,0,0,0,0,0,True,noise,1,0,0
NOISE_721,noise_obj_721,noise_obj2_721,0,0,0,0,0,0,True,noise,0,0,1
NOISE_722,noise_obj_722,noise_obj2_722,0,0,0,0,0,0,True,noise,0,1,0
NOISE_723,noise_obj_723,noise_obj2_723,0,0,0,0,0,0,True,noise,1,0,0
NOISE_724,noise_obj_724,noise_obj2_724,0,0,0,0,0,0,True,noise,1,0,0
NOISE_725,noise_obj_725,noise_obj2_725,0,0,0,0,0,0,True,noise,1,0,0
NOISE_726,noise_obj_726,noise_obj2_726,0,0,0,0,0,0,True,noise,0,1,0
NOISE_727,noise_obj_727,noise_obj2_727,0,0,0,0,0,0,True,noise,0,0,1
NOISE_728,noise_obj_728,noise_obj2_728,0,0,0,0,0,0,True,noise,1,0,0
NOISE_729,noise_obj_729,noise_obj2_729,0,0,0,0,0,0,True,noise,1,0,0
NOISE_730,noise_obj_730,noise_obj2_730,0,0,0,0,0,0,True,noise,0,0,1
NOISE_731,noise_obj_731,noise_obj2_731,0,0,0,0,0,0,True,noise,0,1,0
NOISE_732,noise_obj_732,noise_obj2_732,0,0,0,0,0,0,True,noise,0,0,1
NOISE_733,noise_obj_733,noise_obj2_733,0,0,0,0,0,0,True,noise,0,1,0
NOISE_734,noise_obj_734,noise_obj2_734,0,0,0,0,0,0,True,noise,1,0,0
NOISE_735,noise_obj_735,noise_obj2_735,0,0,0,0,0,0,True,noise,0,0,1
NOISE_736,noise_obj_736,noise_obj2_736,0,0,0,0,0,0,True,noise,1,0,0
NOISE_737,noise_obj_737,noise_obj2_737,0,0,0,0,0,0,True,noise,1,0,0
NOISE_738,noise_obj_738,noise_obj2_738,0,0,0,0,0,0,True,noise,0,1,0
NOISE_739,noise_obj_739,noise_obj2_739,0,0,0,0,0,0,True,noise,0,1,0
NOISE_740,noise_obj_740,noise_obj2_740,0,0,0,0,0,0,True,noise,1,0,0
NOISE_741,noise_obj_741,noise_obj2_741,0,0,0,0,0,0,True,noise,0,1,0
NOISE_742,noise_obj_742,noise_obj2_742,0,0,0,0,0,0,True,noise,0,1,0
NOISE_743,noise_obj_743,noise_obj2_743,0,0,0,0,0,0,True,noise,1,0,0
NOISE_744,noise_obj_744,noise_obj2_744,0,0,0,0,0,0,True,noise,0,1,0
NOISE_745,noise_obj_745,noise_obj2_745,0,0,0,0,0,0,True,noise,1,0,0
NOISE_746,noise_obj_746,noise_obj2_746,0,0,0,0,0,0,True,noise,1,0,0
NOISE_747,noise_obj_747,noise_obj2_747,0,0,0,0,0,0,True,noise,1,0,0
NOISE_748,noise_obj_748,noise_obj2_748,0,0,0,0,0,0,True,noise,1,0,0
NOISE_749,noise_obj_749,noise_obj2_749,0,0,0,0,0,0,True,noise,0,0,1
NOISE_750,noise_obj_750,noise_obj2_750,0,0,0,0,0,0,True,noise,0,1,0
NOISE_751,noise_obj_751,noise_obj2_751,0,0,0,0,0,0,True,noise,1,0,0
NOISE_752,noise_obj_752,noise_obj2_752,0,0,0,0,0,0,True,noise,0,0,1
NOISE_753,noise_obj_753,noise_obj2_753,0,0,0,0,0,0,True,noise,0,1,0
NOISE_754,noise_obj_754,noise_obj2_754,0,0,0,0,0,0,True,noise,1,0,0
NOISE_755,noise_obj_755,noise_obj2_755,0,0,0,0,0,0,True,noise,0,1,0
NOISE_756,noise_obj_756,noise_obj2_756,0,0,0,0,0,0,True,noise,1,0,0
NOISE_757,noise_obj_757,noise_obj2_757,0,0,0,0,0,0,True,noise,1,0,0
NOISE_758,noise_obj_758,noise_obj2_758,0,0,0,0,0,0,True,noise,1,0,0
NOISE_759,noise_obj_759,noise_obj2_759,0,0,0,0,0,0,True,noise,1,0,0
NOISE_760,noise_obj_760,noise_obj2_760,0,0,0,0,0,0,True,noise,0,0,1
NOISE_761,noise_obj_761,noise_obj2_761,0,0,0,0,0,0,True,noise,1,0,0
NOISE_762,noise_obj_762,noise_obj2_762,0,0,0,0,0,0,True,noise,0,0,1
NOISE_763,noise_obj_763,noise_obj2_763,0,0,0,0,0,0,True,noise,0,0,1
NOISE_764,noise_obj_764,noise_obj2_764,0,0,0,0,0,0,True,noise,0,1,0
NOISE_765,noise_obj_765,noise_obj2_765,0,0,0,0,0,0,True,noise,1,0,0
NOISE_766,noise_obj_766,noise_obj2_766,0,0,0,0,0,0,True,noise,1,0,0
NOISE_767,noise_obj_767,noise_obj2_767,0,0,0,0,0,0,True,noise,1,0,0
NOISE_768,noise_obj_768,noise_obj2_768,0,0,0,0,0,0,True,noise,1,0,0
NOISE_769,noise_obj_769,noise_obj2_769,0,0,0,0,0,0,True,noise,0,0,1
NOISE_770,noise_obj_770,noise_obj2_770,0,0,0,0,0,0,True,noise,0,1,0
NOISE_771,noise_obj_771,noise_obj2_771,0,0,0,0,0,0,True,noise,0,1,0
NOISE_772,noise_obj_772,noise_obj2_772,0,0,0,0,0,0,True,noise,1,0,0
NOISE_773,noise_obj_773,noise_obj2_773,0,0,0,0,0,0,True,noise,1,0,0
NOISE_774,noise_obj_774,noise_obj2_774,0,0,0,0,0,0,True,noise,1,0,0
NOISE_775,noise_obj_775,noise_obj2_775,0,0,0,0,0,0,True,noise,1,0,0
NOISE_776,noise_obj_776,noise_obj2_776,0,0,0,0,0,0,True,noise,0,1,0
NOISE_777,noise_obj_777,noise_obj2_777,0,0,0,0,0,0,True,noise,0,1,0
NOISE_778,noise_obj_778,noise_obj2_778,0,0,0,0,0,0,True,noise,1,0,0
NOISE_779,noise_obj_779,noise_obj2_779,0,0,0,0,0,0,True,noise,0,0,1
NOISE_780,noise_obj_780,noise_obj2_780,0,0,0,0,0,0,True,noise,1,0,0
NOISE_781,noise_obj_781,noise_obj2_781,0,0,0,0,0,0,True,noise,0,1,0
NOISE_782,noise_obj_782,noise_obj2_782,0,0,0,0,0,0,True,noise,0,1,0
NOISE_783,noise_obj_783,noise_obj2_783,0,0,0,0,0,0,True,noise,1,0,0
NOISE_784,noise_obj_784,noise_obj2_784,0,0,0,0,0,0,True,noise,1,0,0
NOISE_785,noise_obj_785,noise_obj2_785,0,0,0,0,0,0,True,noise,0,1,0
NOISE_786,noise_obj_786,noise_obj2_786,0,0,0,0,0,0,True,noise,0,0,1
NOISE_787,noise_obj_787,noise_obj2_787,0,0,0,0,0,0,True,noise,0,1,0
NOISE_788,noise_obj_788,noise_obj2_788,0,0,0,0,0,0,True,noise,0,0,1
NOISE_789,noise_obj_789,noise_obj2_789,0,0,0,0,0,0,True,noise,0,1,0
NOISE_790,noise_obj_790,noise_obj2_790,0,0,0,0,0,0,True,noise,0,0,1
NOISE_791,noise_obj_791,noise_obj2_791,0,0,0,0,0,0,True,noise,1,0,0
NOISE_792,noise_obj_792,noise_obj2_792,0,0,0,0,0,0,True,noise,0,1,0
NOISE_793,noise_obj_793,noise_obj2_793,0,0,0,0,0,0,True,noise,1,0,0
NOISE_794,noise_obj_794,noise_obj2_794,0,0,0,0,0,0,True,noise,1,0,0
NOISE_795,noise_obj_795,noise_obj2_795,0,0,0,0,0,0,True,noise,0,1,0
NOISE_796,noise_obj_796,noise_obj2_796,0,0,0,0,0,0,True,noise,1,0,0
NOISE_797,noise_obj_797,noise_obj2_797,0,0,0,0,0,0,True,noise,1,0,0
NOISE_798,noise_obj_798,noise_obj2_798,0,0,0,0,0,0,True,noise,0,1,0
NOISE_799,noise_obj_799,noise_obj2_799,0,0,0,0,0,0,True,noise,0,0,1
NOISE_800,noise_obj_800,noise_obj2_800,0,0,0,0,0,0,True,noise,1,0,0
NOISE_801,noise_obj_801,noise_obj2_801,0,0,0,0,0,0,True,noise,0,1,0
NOISE_802,noise_obj_802,noise_obj2_802,0,0,0,0,0,0,True,noise,0,1,0
NOISE_803,noise_obj_803,noise_obj2_803,0,0,0,0,0,0,True,noise,1,0,0
NOISE_804,noise_obj_804,noise_obj2_804,0,0,0,0,0,0,True,noise,1,0,0
NOISE_805,noise_obj_805,noise_obj2_805,0,0,0,0,0,0,True,noise,0,1,0
NOISE_806,noise_obj_806,noise_obj2_806,0,0,0,0,0,0,True,noise,1,0,0
NOISE_807,noise_obj_807,noise_obj2_807,0,0,0,0,0,0,True,noise,1,0,0
NOISE_808,noise_obj_808,noise_obj2_808,0,0,0,0,0,0,True,noise,0,1,0
NOISE_809,noise_obj_809,noise_obj2_809,0,0,0,0,0,0,True,noise,0,0,1
NOISE_810,noise_obj_810,noise_obj2_810,0,0,0,0,0,0,True,noise,0,1,0
NOISE_811,noise_obj_811,noise_obj2_811,0,0,0,0,0,0,True,noise,1,0,0
NOISE_812,noise_obj_812,noise_obj2_812,0,0,0,0,0,0,True,noise,0,0,1
NOISE_813,noise_obj_813,noise_obj2_813,0,0,0,0,0,0,True,noise,1,0,0
NOISE_814,noise_obj_814,noise_obj2_814,0,0,0,0,0,0,True,noise,1,0,0
NOISE_815,noise_obj_815,noise_obj2_815,0,0,0,0,0,0,True,noise,1,0,0
NOISE_816,noise_obj_816,noise_obj2_816,0,0,0,0,0,0,True,noise,1,0,0
NOISE_817,noise_obj_817,noise_obj2_817,0,0,0,0,0,0,True,noise,1,0,0
NOISE_818,noise_obj_818,noise_obj2_818,0,0,0,0,0,0,True,noise,0,1,0
NOISE_819,noise_obj_819,noise_obj2_819,0,0,0,0,0,0,True,noise,1,0,0
NOISE_820,noise_obj_820,noise_obj2_820,0,0,0,0,0,0,True,noise,0,0,1
NOISE_821,noise_obj_821,noise_obj2_821,0,0,0,0,0,0,True,noise,0,0,1
NOISE_822,noise_obj_822,noise_obj2_822,0,0,0,0,0,0,True,noise,1,0,0
NOISE_823,noise_obj_823,noise_obj2_823,0,0,0,0,0,0,True,noise,0,1,0
NOISE_824,noise_obj_824,noise_obj2_824,0,0,0,0,0,0,True,noise,1,0,0
NOISE_825,noise_obj_825,noise_obj2_825,0,0,0,0,0,0,True,noise,1,0,0
NOISE_826,noise_obj_826,noise_obj2_826,0,0,0,0,0,0,True,noise,0,1,0
NOISE_827,noise_obj_827,noise_obj2_827,0,0,0,0,0,0,True,noise,1,0,0
NOISE_828,noise_obj_828,noise_obj2_828,0,0,0,0,0,0,True,noise,0,0,1
NOISE_829,noise_obj_829,noise_obj2_829,0,0,0,0,0,0,True,noise,1,0,0
NOISE_830,noise_obj_830,noise_obj2_830,0,0,0,0,0,0,True,noise,0,1,0
NOISE_831,noise_obj_831,noise_obj2_831,0,0,0,0,0,0,True,noise,1,0,0
NOISE_832,noise_obj_832,noise_obj2_832,0,0,0,0,0,0,True,noise,1,0,0
NOISE_833,noise_obj_833,noise_obj2_833,0,0,0,0,0,0,True,noise,1,0,0
NOISE_834,noise_obj_834,noise_obj2_834,0,0,0,0,0,0,True,noise,1,0,0
NOISE_835,noise_obj_835,noise_obj2_835,0,0,0,0,0,0,True,noise,0,1,0
NOISE_836,noise_obj_836,noise_obj2_836,0,0,0,0,0,0,True,noise,0,1,0
NOISE_837,noise_obj_837,noise_obj2_837,0,0,0,0,0,0,True,noise,0,1,0
NOISE_838,noise_obj_838,noise_obj2_838,0,0,0,0,0,0,True,noise,1,0,0
NOISE_839,noise_obj_839,noise_obj2_839,0,0,0,0,0,0,True,noise,0,1,0
NOISE_840,noise_obj_840,noise_obj2_840,0,0,0,0,0,0,True,noise,0,0,1
NOISE_841,noise_obj_841,noise_obj2_841,0,0,0,0,0,0,True,noise,1,0,0
NOISE_842,noise_obj_842,noise_obj2_842,0,0,0,0,0,0,True,noise,1,0,0
NOISE_843,noise_obj_843,noise_obj2_843,0,0,0,0,0,0,True,noise,1,0,0
NOISE_844,noise_obj_844,noise_obj2_844,0,0,0,0,0,0,True,noise,0,0,1
NOISE_845,noise_obj_845,noise_obj2_845,0,0,0,0,0,0,True,noise,0,1,0
NOISE_846,noise_obj_846,noise_obj2_846,0,0,0,0,0,0,True,noise,0,0,1
NOISE_847,noise_obj_847,noise_obj2_847,0,0,0,0,0,0,True,noise,1,0,0
NOISE_848,noise_obj_848,noise_obj2_848,0,0,0,0,0,0,True,noise,0,1,0
NOISE_849,noise_obj_849,noise_obj2_849,0,0,0,0,0,0,True,noise,0,0,1
NOISE_850,noise_obj_850,noise_obj2_850,0,0,0,0,0,0,True,noise,1,0,0
NOISE_851,noise_obj_851,noise_obj2_851,0,0,0,0,0,0,True,noise,0,0,1
NOISE_852,noise_obj_852,noise_obj2_852,0,0,0,0,0,0,True,noise,1,0,0
NOISE_853,noise_obj_853,noise_obj2_853,0,0,0,0,0,0,True,noise,0,1,0
NOISE_854,noise_obj_854,noise_obj2_854,0,0,0,0,0,0,True,noise,0,1,0
NOISE_855,noise_obj_855,noise_obj2_855,0,0,0,0,0,0,True,noise,0,1,0
NOISE_856,noise_obj_856,noise_obj2_856,0,0,0,0,0,0,True,noise,1,0,0
NOISE_857,noise_obj_857,noise_obj2_857,0,0,0,0,0,0,True,noise,1,0,0
NOISE_858,noise_obj_858,noise_obj2_858,0,0,0,0,0,0,True,noise,0,1,0
NOISE_859,noise_obj_859,noise_obj2_859,0,0,0,0,0,0,True,noise,1,0,0
NOISE_860,noise_obj_860,noise_obj2_860,0,0,0,0,0,0,True,noise,1,0,0
NOISE_861,noise_obj_861,noise_obj2_861,0,0,0,0,0,0,True,noise,0,0,1
NOISE_862,noise_obj_862,noise_obj2_862,0,0,0,0,0,0,True,noise,0,0,1
NOISE_863,noise_obj_863,noise_obj2_863,0,0,0,0,0,0,True,noise,1,0,0
NOISE_864,noise_obj_864,noise_obj2_864,0,0,0,0,0,0,True,noise,1,0,0
NOISE_865,noise_obj_865,noise_obj2_865,0,0,0,0,0,0,True,noise,0,1,0
NOISE_866,noise_obj_866,noise_obj2_866,0,0,0,0,0,0,True,noise,0,1,0
NOISE_867,noise_obj_867,noise_obj2_867,0,0,0,0,0,0,True,noise,1,0,0
NOISE_868,noise_obj_868,noise_obj2_868,0,0,0,0,0,0,True,noise,0,1,0
NOISE_869,noise_obj_869,noise_obj2_869,0,0,0,0,0,0,True,noise,1,0,0
NOISE_870,noise_obj_870,noise_obj2_870,0,0,0,0,0,0,True,noise,0,1,0
NOISE_871,noise_obj_871,noise_obj2_871,0,0,0,0,0,0,True,noise,0,1,0
NOISE_872,noise_obj_872,noise_obj2_872,0,0,0,0,0,0,True,noise,1,0,0
NOISE_873,noise_obj_873,noise_obj2_873,0,0,0,0,0,0,True,noise,0,0,1
NOISE_874,noise_obj_874,noise_obj2_874,0,0,0,0,0,0,True,noise,1,0,0
NOISE_875,noise_obj_875,noise_obj2_875,0,0,0,0,0,0,True,noise,0,1,0
NOISE_876,noise_obj_876,noise_obj2_876,0,0,0,0,0,0,True,noise,0,0,1
NOISE_877,noise_obj_877,noise_obj2_877,0,0,0,0,0,0,True,noise,1,0,0
NOISE_878,noise_obj_878,noise_obj2_878,0,0,0,0,0,0,True,noise,0,0,1
NOISE_879,noise_obj_879,noise_obj2_879,0,0,0,0,0,0,True,noise,0,1,0
NOISE_880,noise_obj_880,noise_obj2_880,0,0,0,0,0,0,True,noise,1,0,0
NOISE_881,noise_obj_881,noise_obj2_881,0,0,0,0,0,0,True,noise,1,0,0
NOISE_882,noise_obj_882,noise_obj2_882,0,0,0,0,0,0,True,noise,1,0,0
NOISE_883,noise_obj_883,noise_obj2_883,0,0,0,0,0,0,True,noise,0,1,0
NOISE_884,noise_obj_884,noise_obj2_884,0,0,0,0,0,0,True,noise,0,0,1
NOISE_885,noise_obj_885,noise_obj2_885,0,0,0,0,0,0,True,noise,0,0,1
NOISE_886,noise_obj_886,noise_obj2_886,0,0,0,0,0,0,True,noise,1,0,0
NOISE_887,noise_obj_887,noise_obj2_887,0,0,0,0,0,0,True,noise,0,1,0
NOISE_888,noise_obj_888,noise_obj2_888,0,0,0,0,0,0,True,noise,0,0,1
NOISE_889,noise_obj_889,noise_obj2_889,0,0,0,0,0,0,True,noise,1,0,0
NOISE_890,noise_obj_890,noise_obj2_890,0,0,0,0,0,0,True,noise,1,0,0
NOISE_891,noise_obj_891,noise_obj2_891,0,0,0,0,0,0,True,noise,0,1,0
NOISE_892,noise_obj_892,noise_obj2_892,0,0,0,0,0,0,True,noise,0,0,1
NOISE_893,noise_obj_893,noise_obj2_893,0,0,0,0,0,0,True,noise,0,0,1
NOISE_894,noise_obj_894,noise_obj2_894,0,0,0,0,0,0,True,noise,0,1,0
NOISE_895,noise_obj_895,noise_obj2_895,0,0,0,0,0,0,True,noise,1,0,0
NOISE_896,noise_obj_896,noise_obj2_896,0,0,0,0,0,0,True,noise,1,0,0
NOISE_897,noise_obj_897,noise_obj2_897,0,0,0,0,0,0,True,noise,0,1,0
NOISE_898,noise_obj_898,noise_obj2_898,0,0,0,0,0,0,True,noise,1,0,0
NOISE_899,noise_obj_899,noise_obj2_899,0,0,0,0,0,0,True,noise,1,0,0
NOISE_900,noise_obj_900,noise_obj2_900,0,0,0,0,0,0,True,noise,0,1,0
NOISE_901,noise_obj_901,noise_obj2_901,0,0,0,0,0,0,True,noise,1,0,0
NOISE_902,noise_obj_902,noise_obj2_902,0,0,0,0,0,0,True,noise,1,0,0
NOISE_903,noise_obj_903,noise_obj2_903,0,0,0,0,0,0,True,noise,1,0,0
NOISE_904,noise_obj_904,noise_obj2_904,0,0,0,0,0,0,True,noise,1,0,0
NOISE_905,noise_obj_905,noise_obj2_905,0,0,0,0,0,0,True,noise,0,1,0
NOISE_906,noise_obj_906,noise_obj2_906,0,0,0,0,0,0,True,noise,1,0,0
NOISE_907,noise_obj_907,noise_obj2_907,0,0,0,0,0,0,True,noise,1,0,0
NOISE_908,noise_obj_908,noise_obj2_908,0,0,0,0,0,0,True,noise,0,0,1
NOISE_909,noise_obj_909,noise_obj2_909,0,0,0,0,0,0,True,noise,1,0,0
NOISE_910,noise_obj_910,noise_obj2_910,0,0,0,0,0,0,True,noise,0,0,1
NOISE_911,noise_obj_911,noise_obj2_911,0,0,0,0,0,0,True,noise,0,1,0
NOISE_912,noise_obj_912,noise_obj2_912,0,0,0,0,0,0,True,noise,1,0,0
NOISE_913,noise_obj_913,noise_obj2_913,0,0,0,0,0,0,True,noise,0,1,0
NOISE_914,noise_obj_914,noise_obj2_914,0,0,0,0,0,0,True,noise,1,0,0
NOISE_915,noise_obj_915,noise_obj2_915,0,0,0,0,0,0,True,noise,1,0,0
NOISE_916,noise_obj_916,noise_obj2_916,0,0,0,0,0,0,True,noise,1,0,0
NOISE_917,noise_obj_917,noise_obj2_917,0,0,0,0,0,0,True,noise,1,0,0
NOISE_918,noise_obj_918,noise_obj2_918,0,0,0,0,0,0,True,noise,0,1,0
NOISE_919,noise_obj_919,noise_obj2_919,0,0,0,0,0,0,True,noise,0,0,1
NOISE_920,noise_obj_920,noise_obj2_920,0,0,0,0,0,0,True,noise,1,0,0
NOISE_921,noise_obj_921,noise_obj2_921,0,0,0,0,0,0,True,noise,0,0,1
NOISE_922,noise_obj_922,noise_obj2_922,0,0,0,0,0,0,True,noise,1,0,0
NOISE_923,noise_obj_923,noise_obj2_923,0,0,0,0,0,0,True,noise,1,0,0
NOISE_924,noise_obj_924,noise_obj2_924,0,0,0,0,0,0,True,noise,1,0,0
NOISE_925,noise_obj_925,noise_obj2_925,0,0,0,0,0,0,True,noise,1,0,0
NOISE_926,noise_obj_926,noise_obj2_926,0,0,0,0,0,0,True,noise,0,1,0
NOISE_927,noise_obj_927,noise_obj2_927,0,0,0,0,0,0,True,noise,1,0,0
NOISE_928,noise_obj_928,noise_obj2_928,0,0,0,0,0,0,True,noise,1,0,0
NOISE_929,noise_obj_929,noise_obj2_929,0,0,0,0,0,0,True,noise,0,1,0
NOISE_930,noise_obj_930,noise_obj2_930,0,0,0,0,0,0,True,noise,1,0,0
NOISE_931,noise_obj_931,noise_obj2_931,0,0,0,0,0,0,True,noise,0,0,1
NOISE_932,noise_obj_932,noise_obj2_932,0,0,0,0,0,0,True,noise,1,0,0
NOISE_933,noise_obj_933,noise_obj2_933,0,0,0,0,0,0,True,noise,1,0,0
NOISE_934,noise_obj_934,noise_obj2_934,0,0,0,0,0,0,True,noise,1,0,0
NOISE_935,noise_obj_935,noise_obj2_935,0,0,0,0,0,0,True,noise,1,0,0
NOISE_936,noise_obj_936,noise_obj2_936,0,0,0,0,0,0,True,noise,1,0,0
NOISE_937,noise_obj_937,noise_obj2_937,0,0,0,0,0,0,True,noise,0,0,1
NOISE_938,noise_obj_938,noise_obj2_938,0,0,0,0,0,0,True,noise,1,0,0
NOISE_939,noise_obj_939,noise_obj2_939,0,0,0,0,0,0,True,noise,0,1,0
NOISE_940,noise_obj_940,noise_obj2_940,0,0,0,0,0,0,True,noise,0,1,0
NOISE_941,noise_obj_941,noise_obj2_941,0,0,0,0,0,0,True,noise,0,0,1
NOISE_942,noise_obj_942,noise_obj2_942,0,0,0,0,0,0,True,noise,1,0,0
NOISE_943,noise_obj_943,noise_obj2_943,0,0,0,0,0,0,True,noise,1,0,0
NOISE_944,noise_obj_944,noise_obj2_944,0,0,0,0,0,0,True,noise,0,1,0
NOISE_945,noise_obj_945,noise_obj2_945,0,0,0,0,0,0,True,noise,0,0,1
NOISE_946,noise_obj_946,noise_obj2_946,0,0,0,0,0,0,True,noise,0,1,0
NOISE_947,noise_obj_947,noise_obj2_947,0,0,0,0,0,0,True,noise,1,0,0
NOISE_948,noise_obj_948,noise_obj2_948,0,0,0,0,0,0,True,noise,0,1,0
NOISE_949,noise_obj_949,noise_obj2_949,0,0,0,0,0,0,True,noise,0,0,1
NOISE_950,noise_obj_950,noise_obj2_950,0,0,0,0,0,0,True,noise,1,0,0
NOISE_951,noise_obj_951,noise_obj2_951,0,0,0,0,0,0,True,noise,0,0,1
NOISE_952,noise_obj_952,noise_obj2_952,0,0,0,0,0,0,True,noise,1,0,0
NOISE_953,noise_obj_953,noise_obj2_953,0,0,0,0,0,0,True,noise,1,0,0
NOISE_954,noise_obj_954,noise_obj2_954,0,0,0,0,0,0,True,noise,0,1,0
NOISE_955,noise_obj_955,noise_obj2_955,0,0,0,0,0,0,True,noise,1,0,0
NOISE_956,noise_obj_956,noise_obj2_956,0,0,0,0,0,0,True,noise,1,0,0
NOISE_957,noise_obj_957,noise_obj2_957,0,0,0,0,0,0,True,noise,0,0,1
NOISE_958,noise_obj_958,noise_obj2_958,0,0,0,0,0,0,True,noise,1,0,0
NOISE_959,noise_obj_959,noise_obj2_959,0,0,0,0,0,0,True,noise,0,1,0
NOISE_960,noise_obj_960,noise_obj2_960,0,0,0,0,0,0,True,noise,1,0,0
NOISE_961,noise_obj_961,noise_obj2_961,0,0,0,0,0,0,True,noise,0,0,1
NOISE_962,noise_obj_962,noise_obj2_962,0,0,0,0,0,0,True,noise,1,0,0
NOISE_963,noise_obj_963,noise_obj2_963,0,0,0,0,0,0,True,noise,1,0,0
NOISE_964,noise_obj_964,noise_obj2_964,0,0,0,0,0,0,True,noise,1,0,0
NOISE_965,noise_obj_965,noise_obj2_965,0,0,0,0,0,0,True,noise,0,1,0
NOISE_966,noise_obj_966,noise_obj2_966,0,0,0,0,0,0,True,noise,1,0,0
NOISE_967,noise_obj_967,noise_obj2_967,0,0,0,0,0,0,True,noise,0,0,1
NOISE_968,noise_obj_968,noise_obj2_968,0,0,0,0,0,0,True,noise,0,0,1
NOISE_969,noise_obj_969,noise_obj2_969,0,0,0,0,0,0,True,noise,0,1,0
NOISE_970,noise_obj_970,noise_obj2_970,0,0,0,0,0,0,True,noise,0,0,1
NOISE_971,noise_obj_971,noise_obj2_971,0,0,0,0,0,0,True,noise,1,0,0
NOISE_972,noise_obj_972,noise_obj2_972,0,0,0,0,0,0,True,noise,0,1,0
NOISE_973,noise_obj_973,noise_obj2_973,0,0,0,0,0,0,True,noise,0,0,1
NOISE_974,noise_obj_974,noise_obj2_974,0,0,0,0,0,0,True,noise,1,0,0
NOISE_975,noise_obj_975,noise_obj2_975,0,0,0,0,0,0,True,noise,0,0,1
NOISE_976,noise_obj_976,noise_obj2_976,0,0,0,0,0,0,True,noise,0,0,1
NOISE_977,noise_obj_977,noise_obj2_977,0,0,0,0,0,0,True,noise,0,0,1
NOISE_978,noise_obj_978,noise_obj2_978,0,0,0,0,0,0,True,noise,0,1,0
NOISE_979,noise_obj_979,noise_obj2_979,0,0,0,0,0,0,True,noise,0,0,1
NOISE_980,noise_obj_980,noise_obj2_980,0,0,0,0,0,0,True,noise,1,0,0
NOISE_981,noise_obj_981,noise_obj2_981,0,0,0,0,0,0,True,noise,0,1,0
NOISE_982,noise_obj_982,noise_obj2_982,0,0,0,0,0,0,True,noise,1,0,0
NOISE_983,noise_obj_983,noise_obj2_983,0,0,0,0,0,0,True,noise,1,0,0
NOISE_984,noise_obj_984,noise_obj2_984,0,0,0,0,0,0,True,noise,0,1,0
NOISE_985,noise_obj_985,noise_obj2_985,0,0,0,0,0,0,True,noise,1,0,0
NOISE_986,noise_obj_986,noise_obj2_986,0,0,0,0,0,0,True,noise,1,0,0
NOISE_987,noise_obj_987,noise_obj2_987,0,0,0,0,0,0,True,noise,0,1,0
NOISE_988,noise_obj_988,noise_obj2_988,0,0,0,0,0,0,True,noise,1,0,0
NOISE_989,noise_obj_989,noise_obj2_989,0,0,0,0,0,0,True,noise,0,0,1
NOISE_990,noise_obj_990,noise_obj2_990,0,0,0,0,0,0,True,noise,0,0,1
NOISE_991,noise_obj_991,noise_obj2_991,0,0,0,0,0,0,True,noise,1,0,0
NOISE_992,noise_obj_992,noise_obj2_992,0,0,0,0,0,0,True,noise,1,0,0
NOISE_993,noise_obj_993,noise_obj2_993,0,0,0,0,0,0,True,noise,1,0,0
NOISE_994,noise_obj_994,noise_obj2_994,0,0,0,0,0,0,True,noise,1,0,0
NOISE_995,noise_obj_995,noise_obj2_995,0,0,0,0,0,0,True,noise,0,0,1
NOISE_996,noise_obj_996,noise_obj2_996,0,0,0,0,0,0,True,noise,0,1,0
NOISE_997,noise_obj_997,noise_obj2_997,0,0,0,0,0,0,True,noise,0,1,0
NOISE_998,noise_obj_998,noise_obj2_998,0,0,0,0,0,0,True,noise,0,0,1
NOISE_999,noise_obj_999,noise_obj2_999,0,0,0,0,0,0,True,noise,1,0,0
NOISE_1000,noise_obj_1000,noise_obj2_1000,0,0,0,0,0,0,True,noise,1,0,0
NOISE_1001,noise_obj_1001,noise_obj2_1001,0,0,0,0,0,0,True,noise,0,1,0
NOISE_1002,noise_obj_1002,noise_obj2_1002,0,0,0,0,0,0,True,noise,0,1,0
NOISE_1003,noise_obj_1003,noise_obj2_1003,0,0,0,0,0,0,True,noise,1,0,0
NOISE_1004,noise_obj_1004,noise_obj2_1004,0,0,0,0,0,0,True,noise,0,1,0
NOISE_1005,noise_obj_1005,noise_obj2_1005,0,0,0,0,0,0,True,noise,1,0,0
NOISE_1006,noise_obj_1006,noise_obj2_1006,0,0,0,0,0,0,True,noise,1,0,0
NOISE_1007,noise_obj_1007,noise_obj2_1007,0,0,0,0,0,0,True,noise,1,0,0
NOISE_1008,noise_obj_1008,noise_obj2_1008,0,0,0,0,0,0,True,noise,1,0,0
NOISE_1009,noise_obj_1009,noise_obj2_1009,0,0,0,0,0,0,True,noise,1,0,0
NOISE_1010,noise_obj_1010,noise_obj2_1010,0,0,0,0,0,0,True,noise,1,0,0
NOISE_1011,noise_obj_1011,noise_obj2_1011,0,0,0,0,0,0,True,noise,0,0,1
NOISE_1012,noise_obj_1012,noise_obj2_1012,0,0,0,0,0,0,True,noise,1,0,0
NOISE_1013,noise_obj_1013,noise_obj2_1013,0,0,0,0,0,0,True,noise,0,0,1
NOISE_1014,noise_obj_1014,noise_obj2_1014,0,0,0,0,0,0,True,noise,1,0,0
NOISE_1015,noise_obj_1015,noise_obj2_1015,0,0,0,0,0,0,True,noise,0,0,1
NOISE_1016,noise_obj_1016,noise_obj2_1016,0,0,0,0,0,0,True,noise,1,0,0
NOISE_1017,noise_obj_1017,noise_obj2_1017,0,0,0,0,0,0,True,noise,1,0,0
NOISE_1018,noise_obj_1018,noise_obj2_1018,0,0,0,0,0,0,True,noise,1,0,0
NOISE_1019,noise_obj_1019,noise_obj2_1019,0,0,0,0,0,0,True,noise,0,1,0
NOISE_1020,noise_obj_1020,noise_obj2_1020,0,0,0,0,0,0,True,noise,1,0,0
NOISE_1021,noise_obj_1021,noise_obj2_1021,0,0,0,0,0,0,True,noise,1,0,0
NOISE_1022,noise_obj_1022,noise_obj2_1022,0,0,0,0,0,0,True,noise,1,0,0
NOISE_1023,noise_obj_1023,noise_obj2_1023,0,0,0,0,0,0,True,noise,1,0,0
NOISE_1024,noise_obj_1024,noise_obj2_1024,0,0,0,0,0,0,True,noise,0,0,1
NOISE_1025,noise_obj_1025,noise_obj2_1025,0,0,0,0,0,0,True,noise,0,0,1
NOISE_1026,noise_obj_1026,noise_obj2_1026,0,0,0,0,0,0,True,noise,0,0,1
NOISE_1027,noise_obj_1027,noise_obj2_1027,0,0,0,0,0,0,True,noise,1,0,0
NOISE_1028,noise_obj_1028,noise_obj2_1028,0,0,0,0,0,0,True,noise,1,0,0
NOISE_1029,noise_obj_1029,noise_obj2_1029,0,0,0,0,0,0,True,noise,1,0,0
NOISE_1030,noise_obj_1030,noise_obj2_1030,0,0,0,0,0,0,True,noise,0,1,0
NOISE_1031,noise_obj_1031,noise_obj2_1031,0,0,0,0,0,0,True,noise,1,0,0
NOISE_1032,noise_obj_1032,noise_obj2_1032,0,0,0,0,0,0,True,noise,1,0,0
NOISE_1033,noise_obj_1033,noise_obj2_1033,0,0,0,0,0,0,True,noise,1,0,0
NOISE_1034,noise_obj_1034,noise_obj2_1034,0,0,0,0,0,0,True,noise,0,0,1
NOISE_1035,noise_obj_1035,noise_obj2_1035,0,0,0,0,0,0,True,noise,1,0,0
NOISE_1036,noise_obj_1036,noise_obj2_1036,0,0,0,0,0,0,True,noise,1,0,0
NOISE_1037,noise_obj_1037,noise_obj2_1037,0,0,0,0,0,0,True,noise,0,1,0
NOISE_1038,noise_obj_1038,noise_obj2_1038,0,0,0,0,0,0,True,noise,0,1,0
NOISE_1039,noise_obj_1039,noise_obj2_1039,0,0,0,0,0,0,True,noise,0,0,1
NOISE_1040,noise_obj_1040,noise_obj2_1040,0,0,0,0,0,0,True,noise,1,0,0
NOISE_1041,noise_obj_1041,noise_obj2_1041,0,0,0,0,0,0,True,noise,0,1,0
NOISE_1042,noise_obj_1042,noise_obj2_1042,0,0,0,0,0,0,True,noise,0,0,1
NOISE_1043,noise_obj_1043,noise_obj2_1043,0,0,0,0,0,0,True,noise,0,0,1
NOISE_1044,noise_obj_1044,noise_obj2_1044,0,0,0,0,0,0,True,noise,1,0,0
NOISE_1045,noise_obj_1045,noise_obj2_1045,0,0,0,0,0,0,True,noise,1,0,0
NOISE_1046,noise_obj_1046,noise_obj2_1046,0,0,0,0,0,0,True,noise,0,1,0
NOISE_1047,noise_obj_1047,noise_obj2_1047,0,0,0,0,0,0,True,noise,0,1,0
NOISE_1048,noise_obj_1048,noise_obj2_1048,0,0,0,0,0,0,True,noise,0,0,1
NOISE_1049,noise_obj_1049,noise_obj2_1049,0,0,0,0,0,0,True,noise,1,0,0
NOISE_1050,noise_obj_1050,noise_obj2_1050,0,0,0,0,0,0,True,noise,0,1,0
NOISE_1051,noise_obj_1051,noise_obj2_1051,0,0,0,0,0,0,True,noise,1,0,0
NOISE_1052,noise_obj_1052,noise_obj2_1052,0,0,0,0,0,0,True,noise,1,0,0
NOISE_1053,noise_obj_1053,noise_obj2_1053,0,0,0,0,0,0,True,noise,0,1,0
NOISE_1054,noise_obj_1054,noise_obj2_1054,0,0,0,0,0,0,True,noise,1,0,0
NOISE_1055,noise_obj_1055,noise_obj2_1055,0,0,0,0,0,0,True,noise,1,0,0
NOISE_1056,noise_obj_1056,noise_obj2_1056,0,0,0,0,0,0,True,noise,1,0,0
NOISE_1057,noise_obj_1057,noise_obj2_1057,0,0,0,0,0,0,True,noise,1,0,0
NOISE_1058,noise_obj_1058,noise_obj2_1058,0,0,0,0,0,0,True,noise,0,0,1
NOISE_1059,noise_obj_1059,noise_obj2_1059,0,0,0,0,0,0,True,noise,1,0,0
NOISE_1060,noise_obj_1060,noise_obj2_1060,0,0,0,0,0,0,True,noise,0,0,1
NOISE_1061,noise_obj_1061,noise_obj2_1061,0,0,0,0,0,0,True,noise,0,0,1
NOISE_1062,noise_obj_1062,noise_obj2_1062,0,0,0,0,0,0,True,noise,0,1,0
NOISE_1063,noise_obj_1063,noise_obj2_1063,0,0,0,0,0,0,True,noise,1,0,0
NOISE_1064,noise_obj_1064,noise_obj2_1064,0,0,0,0,0,0,True,noise,0,0,1
NOISE_1065,noise_obj_1065,noise_obj2_1065,0,0,0,0,0,0,True,noise,1,0,0
NOISE_1066,noise_obj_1066,noise_obj2_1066,0,0,0,0,0,0,True,noise,0,0,1
NOISE_1067,noise_obj_1067,noise_obj2_1067,0,0,0,0,0,0,True,noise,1,0,0
NOISE_1068,noise_obj_1068,noise_obj2_1068,0,0,0,0,0,0,True,noise,0,0,1
NOISE_1069,noise_obj_1069,noise_obj2_1069,0,0,0,0,0,0,True,noise,0,0,1
NOISE_1070,noise_obj_1070,noise_obj2_1070,0,0,0,0,0,0,True,noise,1,0,0
NOISE_1071,noise_obj_1071,noise_obj2_1071,0,0,0,0,0,0,True,noise,0,0,1
NOISE_1072,noise_obj_1072,noise_obj2_1072,0,0,0,0,0,0,True,noise,0,1,0
NOISE_1073,noise_obj_1073,noise_obj2_1073,0,0,0,0,0,0,True,noise,0,0,1
NOISE_1074,noise_obj_1074,noise_obj2_1074,0,0,0,0,0,0,True,noise,1,0,0
NOISE_1075,noise_obj_1075,noise_obj2_1075,0,0,0,0,0,0,True,noise,1,0,0
NOISE_1076,noise_obj_1076,noise_obj2_1076,0,0,0,0,0,0,True,noise,1,0,0
NOISE_1077,noise_obj_1077,noise_obj2_1077,0,0,0,0,0,0,True,noise,1,0,0
NOISE_1078,noise_obj_1078,noise_obj2_1078,0,0,0,0,0,0,True,noise,0,1,0
NOISE_1079,noise_obj_1079,noise_obj2_1079,0,0,0,0,0,0,True,noise,0,1,0
NOISE_1080,noise_obj_1080,noise_obj2_1080,0,0,0,0,0,0,True,noise,1,0,0
NOISE_1081,noise_obj_1081,noise_obj2_1081,0,0,0,0,0,0,True,noise,1,0,0
NOISE_1082,noise_obj_1082,noise_obj2_1082,0,0,0,0,0,0,True,noise,0,0,1
NOISE_1083,noise_obj_1083,noise_obj2_1083,0,0,0,0,0,0,True,noise,1,0,0
NOISE_1084,noise_obj_1084,noise_obj2_1084,0,0,0,0,0,0,True,noise,1,0,0
NOISE_1085,noise_obj_1085,noise_obj2_1085,0,0,0,0,0,0,True,noise,0,1,0
NOISE_1086,noise_obj_1086,noise_obj2_1086,0,0,0,0,0,0,True,noise,1,0,0
NOISE_1087,noise_obj_1087,noise_obj2_1087,0,0,0,0,0,0,True,noise,0,1,0
NOISE_1088,noise_obj_1088,noise_obj2_1088,0,0,0,0,0,0,True,noise,1,0,0
NOISE_1089,noise_obj_1089,noise_obj2_1089,0,0,0,0,0,0,True,noise,0,1,0
NOISE_1090,noise_obj_1090,noise_obj2_1090,0,0,0,0,0,0,True,noise,1,0,0
NOISE_1091,noise_obj_1091,noise_obj2_1091,0,0,0,0,0,0,True,noise,0,1,0
NOISE_1092,noise_obj_1092,noise_obj2_1092,0,0,0,0,0,0,True,noise,1,0,0
NOISE_1093,noise_obj_1093,noise_obj2_1093,0,0,0,0,0,0,True,noise,1,0,0
NOISE_1094,noise_obj_1094,noise_obj2_1094,0,0,0,0,0,0,True,noise,1,0,0
